Source Plate Barcode,Source Well,Destination Well,Transfer Volume,cpid,chnm,stock.mM
DPID_128,A1,C2,45,1,Bisphenol AF,100
DPID_128,A1,C3,25,1,Bisphenol AF,100
DPID_128,A1,C4,12.5,1,Bisphenol AF,100
DPID_128,A1,C5,5,1,Bisphenol AF,100
DPID_128,A1,C6,2.5,1,Bisphenol AF,100
DPID_128,A9,C7,90,1,Bisphenol AF,1.729965401
DPID_128,A9,C8,35,1,Bisphenol AF,1.729965401
DPID_128,A9,C9,12.5,1,Bisphenol AF,1.729965401
DPID_128,A9,C10,2.5,1,Bisphenol AF,1.729965401
DPID_128,A17,C11,90,1,Bisphenol AF,0.011049679
DPID_128,A17,C12,2.5,1,Bisphenol AF,0.011049679
DPID_128,B1,C13,45,1,Folpet,50
DPID_128,B1,C14,25,1,Folpet,50
DPID_128,B1,C15,12.5,1,Folpet,50
DPID_128,B1,C16,5,1,Folpet,50
DPID_128,B1,C17,2.5,1,Folpet,50
DPID_128,B9,C18,90,1,Folpet,0.8649827
DPID_128,B9,C19,35,1,Folpet,0.8649827
DPID_128,B9,C20,12.5,1,Folpet,0.8649827
DPID_128,B9,C21,2.5,1,Folpet,0.8649827
DPID_128,B17,C22,90,1,Folpet,0.00552484
DPID_128,B17,C23,2.5,1,Folpet,0.00552484
DPID_128,C1,D2,45,1,Chlorothalonil,50
DPID_128,C1,D3,25,1,Chlorothalonil,50
DPID_128,C1,D4,12.5,1,Chlorothalonil,50
DPID_128,C1,D5,5,1,Chlorothalonil,50
DPID_128,C1,D6,2.5,1,Chlorothalonil,50
DPID_128,C9,D7,90,1,Chlorothalonil,0.8649827
DPID_128,C9,D8,35,1,Chlorothalonil,0.8649827
DPID_128,C9,D9,12.5,1,Chlorothalonil,0.8649827
DPID_128,C9,D10,2.5,1,Chlorothalonil,0.8649827
DPID_128,C17,D11,90,1,Chlorothalonil,0.00552484
DPID_128,C17,D12,2.5,1,Chlorothalonil,0.00552484
DPID_128,D1,D13,45,1,Tetramethrin,100
DPID_128,D1,D14,25,1,Tetramethrin,100
DPID_128,D1,D15,12.5,1,Tetramethrin,100
DPID_128,D1,D16,5,1,Tetramethrin,100
DPID_128,D1,D17,2.5,1,Tetramethrin,100
DPID_128,D9,D18,90,1,Tetramethrin,1.729965401
DPID_128,D9,D19,35,1,Tetramethrin,1.729965401
DPID_128,D9,D20,12.5,1,Tetramethrin,1.729965401
DPID_128,D9,D21,2.5,1,Tetramethrin,1.729965401
DPID_128,D17,D22,90,1,Tetramethrin,0.011049679
DPID_128,D17,D23,2.5,1,Tetramethrin,0.011049679
DPID_128,E1,E2,45,1,Bisphenol A,100
DPID_128,E1,E3,25,1,Bisphenol A,100
DPID_128,E1,E4,12.5,1,Bisphenol A,100
DPID_128,E1,E5,5,1,Bisphenol A,100
DPID_128,E1,E6,2.5,1,Bisphenol A,100
DPID_128,E9,E7,90,1,Bisphenol A,1.729965401
DPID_128,E9,E8,35,1,Bisphenol A,1.729965401
DPID_128,E9,E9,12.5,1,Bisphenol A,1.729965401
DPID_128,E9,E10,2.5,1,Bisphenol A,1.729965401
DPID_128,E17,E11,90,1,Bisphenol A,0.011049679
DPID_128,E17,E12,2.5,1,Bisphenol A,0.011049679
DPID_128,F1,E13,45,1,Tributylchlorostannane,100
DPID_128,F1,E14,25,1,Tributylchlorostannane,100
DPID_128,F1,E15,12.5,1,Tributylchlorostannane,100
DPID_128,F1,E16,5,1,Tributylchlorostannane,100
DPID_128,F1,E17,2.5,1,Tributylchlorostannane,100
DPID_128,F9,E18,90,1,Tributylchlorostannane,1.729965401
DPID_128,F9,E19,35,1,Tributylchlorostannane,1.729965401
DPID_128,F9,E20,12.5,1,Tributylchlorostannane,1.729965401
DPID_128,F9,E21,2.5,1,Tributylchlorostannane,1.729965401
DPID_128,F17,E22,90,1,Tributylchlorostannane,0.011049679
DPID_128,F17,E23,2.5,1,Tributylchlorostannane,0.011049679
DPID_128,G1,F2,45,1,Zearalenone,100
DPID_128,G1,F3,25,1,Zearalenone,100
DPID_128,G1,F4,12.5,1,Zearalenone,100
DPID_128,G1,F5,5,1,Zearalenone,100
DPID_128,G1,F6,2.5,1,Zearalenone,100
DPID_128,G9,F7,90,1,Zearalenone,1.729965401
DPID_128,G9,F8,35,1,Zearalenone,1.729965401
DPID_128,G9,F9,12.5,1,Zearalenone,1.729965401
DPID_128,G9,F10,2.5,1,Zearalenone,1.729965401
DPID_128,G17,F11,90,1,Zearalenone,0.011049679
DPID_128,G17,F12,2.5,1,Zearalenone,0.011049679
DPID_128,H1,F13,45,1,Abamectin,100
DPID_128,H1,F14,25,1,Abamectin,100
DPID_128,H1,F15,12.5,1,Abamectin,100
DPID_128,H1,F16,5,1,Abamectin,100
DPID_128,H1,F17,2.5,1,Abamectin,100
DPID_128,H9,F18,90,1,Abamectin,1.729965401
DPID_128,H9,F19,35,1,Abamectin,1.729965401
DPID_128,H9,F20,12.5,1,Abamectin,1.729965401
DPID_128,H9,F21,2.5,1,Abamectin,1.729965401
DPID_128,H17,F22,90,1,Abamectin,0.011049679
DPID_128,H17,F23,2.5,1,Abamectin,0.011049679
DPID_128,I1,G2,45,1,Bisphenol B,100
DPID_128,I1,G3,25,1,Bisphenol B,100
DPID_128,I1,G4,12.5,1,Bisphenol B,100
DPID_128,I1,G5,5,1,Bisphenol B,100
DPID_128,I1,G6,2.5,1,Bisphenol B,100
DPID_128,I9,G7,90,1,Bisphenol B,1.729965401
DPID_128,I9,G8,35,1,Bisphenol B,1.729965401
DPID_128,I9,G9,12.5,1,Bisphenol B,1.729965401
DPID_128,I9,G10,2.5,1,Bisphenol B,1.729965401
DPID_128,I17,G11,90,1,Bisphenol B,0.011049679
DPID_128,I17,G12,2.5,1,Bisphenol B,0.011049679
DPID_128,J1,G13,45,1,Dibutyl phthalate,100
DPID_128,J1,G14,25,1,Dibutyl phthalate,100
DPID_128,J1,G15,12.5,1,Dibutyl phthalate,100
DPID_128,J1,G16,5,1,Dibutyl phthalate,100
DPID_128,J1,G17,2.5,1,Dibutyl phthalate,100
DPID_128,J9,G18,90,1,Dibutyl phthalate,1.729965401
DPID_128,J9,G19,35,1,Dibutyl phthalate,1.729965401
DPID_128,J9,G20,12.5,1,Dibutyl phthalate,1.729965401
DPID_128,J9,G21,2.5,1,Dibutyl phthalate,1.729965401
DPID_128,J17,G22,90,1,Dibutyl phthalate,0.011049679
DPID_128,J17,G23,2.5,1,Dibutyl phthalate,0.011049679
DPID_128,K1,H2,45,1,Bis(2-ethylhexyl)phthalate,100
DPID_128,K1,H3,25,1,Bis(2-ethylhexyl)phthalate,100
DPID_128,K1,H4,12.5,1,Bis(2-ethylhexyl)phthalate,100
DPID_128,K1,H5,5,1,Bis(2-ethylhexyl)phthalate,100
DPID_128,K1,H6,2.5,1,Bis(2-ethylhexyl)phthalate,100
DPID_128,K9,H7,90,1,Bis(2-ethylhexyl)phthalate,1.729965401
DPID_128,K9,H8,35,1,Bis(2-ethylhexyl)phthalate,1.729965401
DPID_128,K9,H9,12.5,1,Bis(2-ethylhexyl)phthalate,1.729965401
DPID_128,K9,H10,2.5,1,Bis(2-ethylhexyl)phthalate,1.729965401
DPID_128,K17,H11,90,1,Bis(2-ethylhexyl)phthalate,0.011049679
DPID_128,K17,H12,2.5,1,Bis(2-ethylhexyl)phthalate,0.011049679
DPID_128,L1,H13,45,1,Diethyl phthalate,100
DPID_128,L1,H14,25,1,Diethyl phthalate,100
DPID_128,L1,H15,12.5,1,Diethyl phthalate,100
DPID_128,L1,H16,5,1,Diethyl phthalate,100
DPID_128,L1,H17,2.5,1,Diethyl phthalate,100
DPID_128,L9,H18,90,1,Diethyl phthalate,1.729965401
DPID_128,L9,H19,35,1,Diethyl phthalate,1.729965401
DPID_128,L9,H20,12.5,1,Diethyl phthalate,1.729965401
DPID_128,L9,H21,2.5,1,Diethyl phthalate,1.729965401
DPID_128,L17,H22,90,1,Diethyl phthalate,0.011049679
DPID_128,L17,H23,2.5,1,Diethyl phthalate,0.011049679
DPID_128,M1,I2,45,1,"2,2',4,4'-Tetrahydroxybenzophenone",100
DPID_128,M1,I3,25,1,"2,2',4,4'-Tetrahydroxybenzophenone",100
DPID_128,M1,I4,12.5,1,"2,2',4,4'-Tetrahydroxybenzophenone",100
DPID_128,M1,I5,5,1,"2,2',4,4'-Tetrahydroxybenzophenone",100
DPID_128,M1,I6,2.5,1,"2,2',4,4'-Tetrahydroxybenzophenone",100
DPID_128,M9,I7,90,1,"2,2',4,4'-Tetrahydroxybenzophenone",1.729965401
DPID_128,M9,I8,35,1,"2,2',4,4'-Tetrahydroxybenzophenone",1.729965401
DPID_128,M9,I9,12.5,1,"2,2',4,4'-Tetrahydroxybenzophenone",1.729965401
DPID_128,M9,I10,2.5,1,"2,2',4,4'-Tetrahydroxybenzophenone",1.729965401
DPID_128,M17,I11,90,1,"2,2',4,4'-Tetrahydroxybenzophenone",0.011049679
DPID_128,M17,I12,2.5,1,"2,2',4,4'-Tetrahydroxybenzophenone",0.011049679
DPID_128,N1,I13,45,1,4-Nonylphenol,100
DPID_128,N1,I14,25,1,4-Nonylphenol,100
DPID_128,N1,I15,12.5,1,4-Nonylphenol,100
DPID_128,N1,I16,5,1,4-Nonylphenol,100
DPID_128,N1,I17,2.5,1,4-Nonylphenol,100
DPID_128,N9,I18,90,1,4-Nonylphenol,1.729965401
DPID_128,N9,I19,35,1,4-Nonylphenol,1.729965401
DPID_128,N9,I20,12.5,1,4-Nonylphenol,1.729965401
DPID_128,N9,I21,2.5,1,4-Nonylphenol,1.729965401
DPID_128,N17,I22,90,1,4-Nonylphenol,0.011049679
DPID_128,N17,I23,2.5,1,4-Nonylphenol,0.011049679
DPID_128,O1,J2,45,1,"2,4-Dinitrophenol",100
DPID_128,O1,J3,25,1,"2,4-Dinitrophenol",100
DPID_128,O1,J4,12.5,1,"2,4-Dinitrophenol",100
DPID_128,O1,J5,5,1,"2,4-Dinitrophenol",100
DPID_128,O1,J6,2.5,1,"2,4-Dinitrophenol",100
DPID_128,O9,J7,90,1,"2,4-Dinitrophenol",1.729965401
DPID_128,O9,J8,35,1,"2,4-Dinitrophenol",1.729965401
DPID_128,O9,J9,12.5,1,"2,4-Dinitrophenol",1.729965401
DPID_128,O9,J10,2.5,1,"2,4-Dinitrophenol",1.729965401
DPID_128,O17,J11,90,1,"2,4-Dinitrophenol",0.011049679
DPID_128,O17,J12,2.5,1,"2,4-Dinitrophenol",0.011049679
DPID_128,P1,J13,45,1,Flutamide,100
DPID_128,P1,J14,25,1,Flutamide,100
DPID_128,P1,J15,12.5,1,Flutamide,100
DPID_128,P1,J16,5,1,Flutamide,100
DPID_128,P1,J17,2.5,1,Flutamide,100
DPID_128,P9,J18,90,1,Flutamide,1.729965401
DPID_128,P9,J19,35,1,Flutamide,1.729965401
DPID_128,P9,J20,12.5,1,Flutamide,1.729965401
DPID_128,P9,J21,2.5,1,Flutamide,1.729965401
DPID_128,P17,J22,90,1,Flutamide,0.011049679
DPID_128,P17,J23,2.5,1,Flutamide,0.011049679
DPID_128,A2,K2,45,1,Tamoxifen,50
DPID_128,A2,K3,25,1,Tamoxifen,50
DPID_128,A2,K4,12.5,1,Tamoxifen,50
DPID_128,A2,K5,5,1,Tamoxifen,50
DPID_128,A2,K6,2.5,1,Tamoxifen,50
DPID_128,A10,K7,90,1,Tamoxifen,0.8649827
DPID_128,A10,K8,35,1,Tamoxifen,0.8649827
DPID_128,A10,K9,12.5,1,Tamoxifen,0.8649827
DPID_128,A10,K10,2.5,1,Tamoxifen,0.8649827
DPID_128,A18,K11,90,1,Tamoxifen,0.00552484
DPID_128,A18,K12,2.5,1,Tamoxifen,0.00552484
DPID_128,B2,K13,45,1,Amitrole,100
DPID_128,B2,K14,25,1,Amitrole,100
DPID_128,B2,K15,12.5,1,Amitrole,100
DPID_128,B2,K16,5,1,Amitrole,100
DPID_128,B2,K17,2.5,1,Amitrole,100
DPID_128,B10,K18,90,1,Amitrole,1.729965401
DPID_128,B10,K19,35,1,Amitrole,1.729965401
DPID_128,B10,K20,12.5,1,Amitrole,1.729965401
DPID_128,B10,K21,2.5,1,Amitrole,1.729965401
DPID_128,B18,K22,90,1,Amitrole,0.011049679
DPID_128,B18,K23,2.5,1,Amitrole,0.011049679
DPID_128,C2,L2,45,1,Chlorpyrifos,100
DPID_128,C2,L3,25,1,Chlorpyrifos,100
DPID_128,C2,L4,12.5,1,Chlorpyrifos,100
DPID_128,C2,L5,5,1,Chlorpyrifos,100
DPID_128,C2,L6,2.5,1,Chlorpyrifos,100
DPID_128,C10,L7,90,1,Chlorpyrifos,1.729965401
DPID_128,C10,L8,35,1,Chlorpyrifos,1.729965401
DPID_128,C10,L9,12.5,1,Chlorpyrifos,1.729965401
DPID_128,C10,L10,2.5,1,Chlorpyrifos,1.729965401
DPID_128,C18,L11,90,1,Chlorpyrifos,0.011049679
DPID_128,C18,L12,2.5,1,Chlorpyrifos,0.011049679
DPID_128,D2,L13,45,1,Ethylparaben,100
DPID_128,D2,L14,25,1,Ethylparaben,100
DPID_128,D2,L15,12.5,1,Ethylparaben,100
DPID_128,D2,L16,5,1,Ethylparaben,100
DPID_128,D2,L17,2.5,1,Ethylparaben,100
DPID_128,D10,L18,90,1,Ethylparaben,1.729965401
DPID_128,D10,L19,35,1,Ethylparaben,1.729965401
DPID_128,D10,L20,12.5,1,Ethylparaben,1.729965401
DPID_128,D10,L21,2.5,1,Ethylparaben,1.729965401
DPID_128,D18,L22,90,1,Ethylparaben,0.011049679
DPID_128,D18,L23,2.5,1,Ethylparaben,0.011049679
DPID_128,E2,M2,45,1,Propargite,100
DPID_128,E2,M3,25,1,Propargite,100
DPID_128,E2,M4,12.5,1,Propargite,100
DPID_128,E2,M5,5,1,Propargite,100
DPID_128,E2,M6,2.5,1,Propargite,100
DPID_128,E10,M7,90,1,Propargite,1.729965401
DPID_128,E10,M8,35,1,Propargite,1.729965401
DPID_128,E10,M9,12.5,1,Propargite,1.729965401
DPID_128,E10,M10,2.5,1,Propargite,1.729965401
DPID_128,E18,M11,90,1,Propargite,0.011049679
DPID_128,E18,M12,2.5,1,Propargite,0.011049679
DPID_128,F2,M13,45,1,17beta-Estradiol,100
DPID_128,F2,M14,25,1,17beta-Estradiol,100
DPID_128,F2,M15,12.5,1,17beta-Estradiol,100
DPID_128,F2,M16,5,1,17beta-Estradiol,100
DPID_128,F2,M17,2.5,1,17beta-Estradiol,100
DPID_128,F10,M18,90,1,17beta-Estradiol,1.729965401
DPID_128,F10,M19,35,1,17beta-Estradiol,1.729965401
DPID_128,F10,M20,12.5,1,17beta-Estradiol,1.729965401
DPID_128,F10,M21,2.5,1,17beta-Estradiol,1.729965401
DPID_128,F18,M22,90,1,17beta-Estradiol,0.011049679
DPID_128,F18,M23,2.5,1,17beta-Estradiol,0.011049679
DPID_128,G2,N2,45,1,17alpha-Ethinylestradiol,100
DPID_128,G2,N3,25,1,17alpha-Ethinylestradiol,100
DPID_128,G2,N4,12.5,1,17alpha-Ethinylestradiol,100
DPID_128,G2,N5,5,1,17alpha-Ethinylestradiol,100
DPID_128,G2,N6,2.5,1,17alpha-Ethinylestradiol,100
DPID_128,G10,N7,90,1,17alpha-Ethinylestradiol,1.729965401
DPID_128,G10,N8,35,1,17alpha-Ethinylestradiol,1.729965401
DPID_128,G10,N9,12.5,1,17alpha-Ethinylestradiol,1.729965401
DPID_128,G10,N10,2.5,1,17alpha-Ethinylestradiol,1.729965401
DPID_128,G18,N11,90,1,17alpha-Ethinylestradiol,0.011049679
DPID_128,G18,N12,2.5,1,17alpha-Ethinylestradiol,0.011049679
DPID_128,H2,N13,45,1,Corticosterone,100
DPID_128,H2,N14,25,1,Corticosterone,100
DPID_128,H2,N15,12.5,1,Corticosterone,100
DPID_128,H2,N16,5,1,Corticosterone,100
DPID_128,H2,N17,2.5,1,Corticosterone,100
DPID_128,H10,N18,90,1,Corticosterone,1.729965401
DPID_128,H10,N19,35,1,Corticosterone,1.729965401
DPID_128,H10,N20,12.5,1,Corticosterone,1.729965401
DPID_128,H10,N21,2.5,1,Corticosterone,1.729965401
DPID_128,H18,N22,90,1,Corticosterone,0.011049679
DPID_128,H18,N23,2.5,1,Corticosterone,0.011049679
DPID_128,I2,O2,45,1,Methoxychlor,50
DPID_128,I2,O3,25,1,Methoxychlor,50
DPID_128,I2,O4,12.5,1,Methoxychlor,50
DPID_128,I2,O5,5,1,Methoxychlor,50
DPID_128,I2,O6,2.5,1,Methoxychlor,50
DPID_128,I10,O7,90,1,Methoxychlor,0.8649827
DPID_128,I10,O8,35,1,Methoxychlor,0.8649827
DPID_128,I10,O9,12.5,1,Methoxychlor,0.8649827
DPID_128,I10,O10,2.5,1,Methoxychlor,0.8649827
DPID_128,I18,O11,90,1,Methoxychlor,0.00552484
DPID_128,I18,O12,2.5,1,Methoxychlor,0.00552484
DPID_128,J2,O13,45,1,Fulvestrant,100
DPID_128,J2,O14,25,1,Fulvestrant,100
DPID_128,J2,O15,12.5,1,Fulvestrant,100
DPID_128,J2,O16,5,1,Fulvestrant,100
DPID_128,J2,O17,2.5,1,Fulvestrant,100
DPID_128,J10,O18,90,1,Fulvestrant,1.729965401
DPID_128,J10,O19,35,1,Fulvestrant,1.729965401
DPID_128,J10,O20,12.5,1,Fulvestrant,1.729965401
DPID_128,J10,O21,2.5,1,Fulvestrant,1.729965401
DPID_128,J18,O22,90,1,Fulvestrant,0.011049679
DPID_128,J18,O23,2.5,1,Fulvestrant,0.011049679
DPID_128,K2,C2,45,2,Dicyclohexyl phthalate,50
DPID_128,K2,C3,25,2,Dicyclohexyl phthalate,50
DPID_128,K2,C4,12.5,2,Dicyclohexyl phthalate,50
DPID_128,K2,C5,5,2,Dicyclohexyl phthalate,50
DPID_128,K2,C6,2.5,2,Dicyclohexyl phthalate,50
DPID_128,K10,C7,90,2,Dicyclohexyl phthalate,0.8649827
DPID_128,K10,C8,35,2,Dicyclohexyl phthalate,0.8649827
DPID_128,K10,C9,12.5,2,Dicyclohexyl phthalate,0.8649827
DPID_128,K10,C10,2.5,2,Dicyclohexyl phthalate,0.8649827
DPID_128,K18,C11,90,2,Dicyclohexyl phthalate,0.00552484
DPID_128,K18,C12,2.5,2,Dicyclohexyl phthalate,0.00552484
DPID_128,L2,C13,45,2,Mestranol,50
DPID_128,L2,C14,25,2,Mestranol,50
DPID_128,L2,C15,12.5,2,Mestranol,50
DPID_128,L2,C16,5,2,Mestranol,50
DPID_128,L2,C17,2.5,2,Mestranol,50
DPID_128,L10,C18,90,2,Mestranol,0.8649827
DPID_128,L10,C19,35,2,Mestranol,0.8649827
DPID_128,L10,C20,12.5,2,Mestranol,0.8649827
DPID_128,L10,C21,2.5,2,Mestranol,0.8649827
DPID_128,L18,C22,90,2,Mestranol,0.00552484
DPID_128,L18,C23,2.5,2,Mestranol,0.00552484
DPID_128,M2,D2,45,2,Permethrin,100
DPID_128,M2,D3,25,2,Permethrin,100
DPID_128,M2,D4,12.5,2,Permethrin,100
DPID_128,M2,D5,5,2,Permethrin,100
DPID_128,M2,D6,2.5,2,Permethrin,100
DPID_128,M10,D7,90,2,Permethrin,1.729965401
DPID_128,M10,D8,35,2,Permethrin,1.729965401
DPID_128,M10,D9,12.5,2,Permethrin,1.729965401
DPID_128,M10,D10,2.5,2,Permethrin,1.729965401
DPID_128,M18,D11,90,2,Permethrin,0.011049679
DPID_128,M18,D12,2.5,2,Permethrin,0.011049679
DPID_128,N2,D13,45,2,Atrazine,100
DPID_128,N2,D14,25,2,Atrazine,100
DPID_128,N2,D15,12.5,2,Atrazine,100
DPID_128,N2,D16,5,2,Atrazine,100
DPID_128,N2,D17,2.5,2,Atrazine,100
DPID_128,N10,D18,90,2,Atrazine,1.729965401
DPID_128,N10,D19,35,2,Atrazine,1.729965401
DPID_128,N10,D20,12.5,2,Atrazine,1.729965401
DPID_128,N10,D21,2.5,2,Atrazine,1.729965401
DPID_128,N18,D22,90,2,Atrazine,0.011049679
DPID_128,N18,D23,2.5,2,Atrazine,0.011049679
DPID_128,O2,E2,45,2,Cypermethrin,100
DPID_128,O2,E3,25,2,Cypermethrin,100
DPID_128,O2,E4,12.5,2,Cypermethrin,100
DPID_128,O2,E5,5,2,Cypermethrin,100
DPID_128,O2,E6,2.5,2,Cypermethrin,100
DPID_128,O10,E7,90,2,Cypermethrin,1.729965401
DPID_128,O10,E8,35,2,Cypermethrin,1.729965401
DPID_128,O10,E9,12.5,2,Cypermethrin,1.729965401
DPID_128,O10,E10,2.5,2,Cypermethrin,1.729965401
DPID_128,O18,E11,90,2,Cypermethrin,0.011049679
DPID_128,O18,E12,2.5,2,Cypermethrin,0.011049679
DPID_128,P2,E13,45,2,Daidzein ,100
DPID_128,P2,E14,25,2,Daidzein ,100
DPID_128,P2,E15,12.5,2,Daidzein ,100
DPID_128,P2,E16,5,2,Daidzein ,100
DPID_128,P2,E17,2.5,2,Daidzein ,100
DPID_128,P10,E18,90,2,Daidzein ,1.729965401
DPID_128,P10,E19,35,2,Daidzein ,1.729965401
DPID_128,P10,E20,12.5,2,Daidzein ,1.729965401
DPID_128,P10,E21,2.5,2,Daidzein ,1.729965401
DPID_128,P18,E22,90,2,Daidzein ,0.011049679
DPID_128,P18,E23,2.5,2,Daidzein ,0.011049679
DPID_128,A3,F2,45,2,Genistein,100
DPID_128,A3,F3,25,2,Genistein,100
DPID_128,A3,F4,12.5,2,Genistein,100
DPID_128,A3,F5,5,2,Genistein,100
DPID_128,A3,F6,2.5,2,Genistein,100
DPID_128,A11,F7,90,2,Genistein,1.729965401
DPID_128,A11,F8,35,2,Genistein,1.729965401
DPID_128,A11,F9,12.5,2,Genistein,1.729965401
DPID_128,A11,F10,2.5,2,Genistein,1.729965401
DPID_128,A19,F11,90,2,Genistein,0.011049679
DPID_128,A19,F12,2.5,2,Genistein,0.011049679
DPID_128,B3,F13,45,2,Cyproterone acetate,100
DPID_128,B3,F14,25,2,Cyproterone acetate,100
DPID_128,B3,F15,12.5,2,Cyproterone acetate,100
DPID_128,B3,F16,5,2,Cyproterone acetate,100
DPID_128,B3,F17,2.5,2,Cyproterone acetate,100
DPID_128,B11,F18,90,2,Cyproterone acetate,1.729965401
DPID_128,B11,F19,35,2,Cyproterone acetate,1.729965401
DPID_128,B11,F20,12.5,2,Cyproterone acetate,1.729965401
DPID_128,B11,F21,2.5,2,Cyproterone acetate,1.729965401
DPID_128,B19,F22,90,2,Cyproterone acetate,0.011049679
DPID_128,B19,F23,2.5,2,Cyproterone acetate,0.011049679
DPID_128,C3,G2,45,2,Nilutamide,100
DPID_128,C3,G3,25,2,Nilutamide,100
DPID_128,C3,G4,12.5,2,Nilutamide,100
DPID_128,C3,G5,5,2,Nilutamide,100
DPID_128,C3,G6,2.5,2,Nilutamide,100
DPID_128,C11,G7,90,2,Nilutamide,1.729965401
DPID_128,C11,G8,35,2,Nilutamide,1.729965401
DPID_128,C11,G9,12.5,2,Nilutamide,1.729965401
DPID_128,C11,G10,2.5,2,Nilutamide,1.729965401
DPID_128,C19,G11,90,2,Nilutamide,0.011049679
DPID_128,C19,G12,2.5,2,Nilutamide,0.011049679
DPID_128,D3,G13,45,2,Spironolactone,100
DPID_128,D3,G14,25,2,Spironolactone,100
DPID_128,D3,G15,12.5,2,Spironolactone,100
DPID_128,D3,G16,5,2,Spironolactone,100
DPID_128,D3,G17,2.5,2,Spironolactone,100
DPID_128,D11,G18,90,2,Spironolactone,1.729965401
DPID_128,D11,G19,35,2,Spironolactone,1.729965401
DPID_128,D11,G20,12.5,2,Spironolactone,1.729965401
DPID_128,D11,G21,2.5,2,Spironolactone,1.729965401
DPID_128,D19,G22,90,2,Spironolactone,0.011049679
DPID_128,D19,G23,2.5,2,Spironolactone,0.011049679
DPID_128,E3,H2,45,2,17beta-Trenbolone,100
DPID_128,E3,H3,25,2,17beta-Trenbolone,100
DPID_128,E3,H4,12.5,2,17beta-Trenbolone,100
DPID_128,E3,H5,5,2,17beta-Trenbolone,100
DPID_128,E3,H6,2.5,2,17beta-Trenbolone,100
DPID_128,E11,H7,90,2,17beta-Trenbolone,1.729965401
DPID_128,E11,H8,35,2,17beta-Trenbolone,1.729965401
DPID_128,E11,H9,12.5,2,17beta-Trenbolone,1.729965401
DPID_128,E11,H10,2.5,2,17beta-Trenbolone,1.729965401
DPID_128,E19,H11,90,2,17beta-Trenbolone,0.011049679
DPID_128,E19,H12,2.5,2,17beta-Trenbolone,0.011049679
DPID_128,F3,H13,45,2,5alpha-Dihydrotestosterone,100
DPID_128,F3,H14,25,2,5alpha-Dihydrotestosterone,100
DPID_128,F3,H15,12.5,2,5alpha-Dihydrotestosterone,100
DPID_128,F3,H16,5,2,5alpha-Dihydrotestosterone,100
DPID_128,F3,H17,2.5,2,5alpha-Dihydrotestosterone,100
DPID_128,F11,H18,90,2,5alpha-Dihydrotestosterone,1.729965401
DPID_128,F11,H19,35,2,5alpha-Dihydrotestosterone,1.729965401
DPID_128,F11,H20,12.5,2,5alpha-Dihydrotestosterone,1.729965401
DPID_128,F11,H21,2.5,2,5alpha-Dihydrotestosterone,1.729965401
DPID_128,F19,H22,90,2,5alpha-Dihydrotestosterone,0.011049679
DPID_128,F19,H23,2.5,2,5alpha-Dihydrotestosterone,0.011049679
DPID_128,G3,I2,45,2,Hydroxyflutamide,100
DPID_128,G3,I3,25,2,Hydroxyflutamide,100
DPID_128,G3,I4,12.5,2,Hydroxyflutamide,100
DPID_128,G3,I5,5,2,Hydroxyflutamide,100
DPID_128,G3,I6,2.5,2,Hydroxyflutamide,100
DPID_128,G11,I7,90,2,Hydroxyflutamide,1.729965401
DPID_128,G11,I8,35,2,Hydroxyflutamide,1.729965401
DPID_128,G11,I9,12.5,2,Hydroxyflutamide,1.729965401
DPID_128,G11,I10,2.5,2,Hydroxyflutamide,1.729965401
DPID_128,G19,I11,90,2,Hydroxyflutamide,0.011049679
DPID_128,G19,I12,2.5,2,Hydroxyflutamide,0.011049679
DPID_128,H3,I13,45,2,Testosterone propionate,100
DPID_128,H3,I14,25,2,Testosterone propionate,100
DPID_128,H3,I15,12.5,2,Testosterone propionate,100
DPID_128,H3,I16,5,2,Testosterone propionate,100
DPID_128,H3,I17,2.5,2,Testosterone propionate,100
DPID_128,H11,I18,90,2,Testosterone propionate,1.729965401
DPID_128,H11,I19,35,2,Testosterone propionate,1.729965401
DPID_128,H11,I20,12.5,2,Testosterone propionate,1.729965401
DPID_128,H11,I21,2.5,2,Testosterone propionate,1.729965401
DPID_128,H19,I22,90,2,Testosterone propionate,0.011049679
DPID_128,H19,I23,2.5,2,Testosterone propionate,0.011049679
DPID_128,I3,J2,45,2,17-Methyltestosterone,100
DPID_128,I3,J3,25,2,17-Methyltestosterone,100
DPID_128,I3,J4,12.5,2,17-Methyltestosterone,100
DPID_128,I3,J5,5,2,17-Methyltestosterone,100
DPID_128,I3,J6,2.5,2,17-Methyltestosterone,100
DPID_128,I11,J7,90,2,17-Methyltestosterone,1.729965401
DPID_128,I11,J8,35,2,17-Methyltestosterone,1.729965401
DPID_128,I11,J9,12.5,2,17-Methyltestosterone,1.729965401
DPID_128,I11,J10,2.5,2,17-Methyltestosterone,1.729965401
DPID_128,I19,J11,90,2,17-Methyltestosterone,0.011049679
DPID_128,I19,J12,2.5,2,17-Methyltestosterone,0.011049679
DPID_128,J3,J13,45,2,"4-Androstene-3,17-dione",50
DPID_128,J3,J14,25,2,"4-Androstene-3,17-dione",50
DPID_128,J3,J15,12.5,2,"4-Androstene-3,17-dione",50
DPID_128,J3,J16,5,2,"4-Androstene-3,17-dione",50
DPID_128,J3,J17,2.5,2,"4-Androstene-3,17-dione",50
DPID_128,J11,J18,90,2,"4-Androstene-3,17-dione",0.8649827
DPID_128,J11,J19,35,2,"4-Androstene-3,17-dione",0.8649827
DPID_128,J11,J20,12.5,2,"4-Androstene-3,17-dione",0.8649827
DPID_128,J11,J21,2.5,2,"4-Androstene-3,17-dione",0.8649827
DPID_128,J19,J22,90,2,"4-Androstene-3,17-dione",0.00552484
DPID_128,J19,J23,2.5,2,"4-Androstene-3,17-dione",0.00552484
DPID_128,K3,K2,45,2,Mifepristone,100
DPID_128,K3,K3,25,2,Mifepristone,100
DPID_128,K3,K4,12.5,2,Mifepristone,100
DPID_128,K3,K5,5,2,Mifepristone,100
DPID_128,K3,K6,2.5,2,Mifepristone,100
DPID_128,K11,K7,90,2,Mifepristone,1.729965401
DPID_128,K11,K8,35,2,Mifepristone,1.729965401
DPID_128,K11,K9,12.5,2,Mifepristone,1.729965401
DPID_128,K11,K10,2.5,2,Mifepristone,1.729965401
DPID_128,K19,K11,90,2,Mifepristone,0.011049679
DPID_128,K19,K12,2.5,2,Mifepristone,0.011049679
DPID_128,L3,K13,45,2,Bis(2-ethylhexyl)hexanedioate,100
DPID_128,L3,K14,25,2,Bis(2-ethylhexyl)hexanedioate,100
DPID_128,L3,K15,12.5,2,Bis(2-ethylhexyl)hexanedioate,100
DPID_128,L3,K16,5,2,Bis(2-ethylhexyl)hexanedioate,100
DPID_128,L3,K17,2.5,2,Bis(2-ethylhexyl)hexanedioate,100
DPID_128,L11,K18,90,2,Bis(2-ethylhexyl)hexanedioate,1.729965401
DPID_128,L11,K19,35,2,Bis(2-ethylhexyl)hexanedioate,1.729965401
DPID_128,L11,K20,12.5,2,Bis(2-ethylhexyl)hexanedioate,1.729965401
DPID_128,L11,K21,2.5,2,Bis(2-ethylhexyl)hexanedioate,1.729965401
DPID_128,L19,K22,90,2,Bis(2-ethylhexyl)hexanedioate,0.011049679
DPID_128,L19,K23,2.5,2,Bis(2-ethylhexyl)hexanedioate,0.011049679
DPID_128,M3,L2,45,2,4-Dodecylphenol,100
DPID_128,M3,L3,25,2,4-Dodecylphenol,100
DPID_128,M3,L4,12.5,2,4-Dodecylphenol,100
DPID_128,M3,L5,5,2,4-Dodecylphenol,100
DPID_128,M3,L6,2.5,2,4-Dodecylphenol,100
DPID_128,M11,L7,90,2,4-Dodecylphenol,1.729965401
DPID_128,M11,L8,35,2,4-Dodecylphenol,1.729965401
DPID_128,M11,L9,12.5,2,4-Dodecylphenol,1.729965401
DPID_128,M11,L10,2.5,2,4-Dodecylphenol,1.729965401
DPID_128,M19,L11,90,2,4-Dodecylphenol,0.011049679
DPID_128,M19,L12,2.5,2,4-Dodecylphenol,0.011049679
DPID_128,N3,L13,45,2,Carbendazim,50
DPID_128,N3,L14,25,2,Carbendazim,50
DPID_128,N3,L15,12.5,2,Carbendazim,50
DPID_128,N3,L16,5,2,Carbendazim,50
DPID_128,N3,L17,2.5,2,Carbendazim,50
DPID_128,N11,L18,90,2,Carbendazim,0.8649827
DPID_128,N11,L19,35,2,Carbendazim,0.8649827
DPID_128,N11,L20,12.5,2,Carbendazim,0.8649827
DPID_128,N11,L21,2.5,2,Carbendazim,0.8649827
DPID_128,N19,L22,90,2,Carbendazim,0.00552484
DPID_128,N19,L23,2.5,2,Carbendazim,0.00552484
DPID_128,O3,M2,45,2,p-Dichlorobenzene,100
DPID_128,O3,M3,25,2,p-Dichlorobenzene,100
DPID_128,O3,M4,12.5,2,p-Dichlorobenzene,100
DPID_128,O3,M5,5,2,p-Dichlorobenzene,100
DPID_128,O3,M6,2.5,2,p-Dichlorobenzene,100
DPID_128,O11,M7,90,2,p-Dichlorobenzene,1.729965401
DPID_128,O11,M8,35,2,p-Dichlorobenzene,1.729965401
DPID_128,O11,M9,12.5,2,p-Dichlorobenzene,1.729965401
DPID_128,O11,M10,2.5,2,p-Dichlorobenzene,1.729965401
DPID_128,O19,M11,90,2,p-Dichlorobenzene,0.011049679
DPID_128,O19,M12,2.5,2,p-Dichlorobenzene,0.011049679
DPID_128,P3,M13,45,2,Tebuconazole,100
DPID_128,P3,M14,25,2,Tebuconazole,100
DPID_128,P3,M15,12.5,2,Tebuconazole,100
DPID_128,P3,M16,5,2,Tebuconazole,100
DPID_128,P3,M17,2.5,2,Tebuconazole,100
DPID_128,P11,M18,90,2,Tebuconazole,1.729965401
DPID_128,P11,M19,35,2,Tebuconazole,1.729965401
DPID_128,P11,M20,12.5,2,Tebuconazole,1.729965401
DPID_128,P11,M21,2.5,2,Tebuconazole,1.729965401
DPID_128,P19,M22,90,2,Tebuconazole,0.011049679
DPID_128,P19,M23,2.5,2,Tebuconazole,0.011049679
DPID_128,A4,N2,45,2,Exemestane,100
DPID_128,A4,N3,25,2,Exemestane,100
DPID_128,A4,N4,12.5,2,Exemestane,100
DPID_128,A4,N5,5,2,Exemestane,100
DPID_128,A4,N6,2.5,2,Exemestane,100
DPID_128,A12,N7,90,2,Exemestane,1.729965401
DPID_128,A12,N8,35,2,Exemestane,1.729965401
DPID_128,A12,N9,12.5,2,Exemestane,1.729965401
DPID_128,A12,N10,2.5,2,Exemestane,1.729965401
DPID_128,A20,N11,90,2,Exemestane,0.011049679
DPID_128,A20,N12,2.5,2,Exemestane,0.011049679
DPID_128,B4,N13,45,2,Letrozole,100
DPID_128,B4,N14,25,2,Letrozole,100
DPID_128,B4,N15,12.5,2,Letrozole,100
DPID_128,B4,N16,5,2,Letrozole,100
DPID_128,B4,N17,2.5,2,Letrozole,100
DPID_128,B12,N18,90,2,Letrozole,1.729965401
DPID_128,B12,N19,35,2,Letrozole,1.729965401
DPID_128,B12,N20,12.5,2,Letrozole,1.729965401
DPID_128,B12,N21,2.5,2,Letrozole,1.729965401
DPID_128,B20,N22,90,2,Letrozole,0.011049679
DPID_128,B20,N23,2.5,2,Letrozole,0.011049679
DPID_128,C4,O2,45,2,Octylbicycloheptenedicarboximide,100
DPID_128,C4,O3,25,2,Octylbicycloheptenedicarboximide,100
DPID_128,C4,O4,12.5,2,Octylbicycloheptenedicarboximide,100
DPID_128,C4,O5,5,2,Octylbicycloheptenedicarboximide,100
DPID_128,C4,O6,2.5,2,Octylbicycloheptenedicarboximide,100
DPID_128,C12,O7,90,2,Octylbicycloheptenedicarboximide,1.729965401
DPID_128,C12,O8,35,2,Octylbicycloheptenedicarboximide,1.729965401
DPID_128,C12,O9,12.5,2,Octylbicycloheptenedicarboximide,1.729965401
DPID_128,C12,O10,2.5,2,Octylbicycloheptenedicarboximide,1.729965401
DPID_128,C20,O11,90,2,Octylbicycloheptenedicarboximide,0.011049679
DPID_128,C20,O12,2.5,2,Octylbicycloheptenedicarboximide,0.011049679
DPID_128,D4,O13,45,2,Dichlobenil,100
DPID_128,D4,O14,25,2,Dichlobenil,100
DPID_128,D4,O15,12.5,2,Dichlobenil,100
DPID_128,D4,O16,5,2,Dichlobenil,100
DPID_128,D4,O17,2.5,2,Dichlobenil,100
DPID_128,D12,O18,90,2,Dichlobenil,1.729965401
DPID_128,D12,O19,35,2,Dichlobenil,1.729965401
DPID_128,D12,O20,12.5,2,Dichlobenil,1.729965401
DPID_128,D12,O21,2.5,2,Dichlobenil,1.729965401
DPID_128,D20,O22,90,2,Dichlobenil,0.011049679
DPID_128,D20,O23,2.5,2,Dichlobenil,0.011049679
DPID_128,E4,C2,45,3,Anastrozole,100
DPID_128,E4,C3,25,3,Anastrozole,100
DPID_128,E4,C4,12.5,3,Anastrozole,100
DPID_128,E4,C5,5,3,Anastrozole,100
DPID_128,E4,C6,2.5,3,Anastrozole,100
DPID_128,E12,C7,90,3,Anastrozole,1.729965401
DPID_128,E12,C8,35,3,Anastrozole,1.729965401
DPID_128,E12,C9,12.5,3,Anastrozole,1.729965401
DPID_128,E12,C10,2.5,3,Anastrozole,1.729965401
DPID_128,E20,C11,90,3,Anastrozole,0.011049679
DPID_128,E20,C12,2.5,3,Anastrozole,0.011049679
DPID_128,F4,C13,45,3,Malathion,100
DPID_128,F4,C14,25,3,Malathion,100
DPID_128,F4,C15,12.5,3,Malathion,100
DPID_128,F4,C16,5,3,Malathion,100
DPID_128,F4,C17,2.5,3,Malathion,100
DPID_128,F12,C18,90,3,Malathion,1.729965401
DPID_128,F12,C19,35,3,Malathion,1.729965401
DPID_128,F12,C20,12.5,3,Malathion,1.729965401
DPID_128,F12,C21,2.5,3,Malathion,1.729965401
DPID_128,F20,C22,90,3,Malathion,0.011049679
DPID_128,F20,C23,2.5,3,Malathion,0.011049679
DPID_128,G4,D2,45,3,Fenitrothion,100
DPID_128,G4,D3,25,3,Fenitrothion,100
DPID_128,G4,D4,12.5,3,Fenitrothion,100
DPID_128,G4,D5,5,3,Fenitrothion,100
DPID_128,G4,D6,2.5,3,Fenitrothion,100
DPID_128,G12,D7,90,3,Fenitrothion,1.729965401
DPID_128,G12,D8,35,3,Fenitrothion,1.729965401
DPID_128,G12,D9,12.5,3,Fenitrothion,1.729965401
DPID_128,G12,D10,2.5,3,Fenitrothion,1.729965401
DPID_128,G20,D11,90,3,Fenitrothion,0.011049679
DPID_128,G20,D12,2.5,3,Fenitrothion,0.011049679
DPID_128,H4,D13,45,3,Simazine,50
DPID_128,H4,D14,25,3,Simazine,50
DPID_128,H4,D15,12.5,3,Simazine,50
DPID_128,H4,D16,5,3,Simazine,50
DPID_128,H4,D17,2.5,3,Simazine,50
DPID_128,H12,D18,90,3,Simazine,0.8649827
DPID_128,H12,D19,35,3,Simazine,0.8649827
DPID_128,H12,D20,12.5,3,Simazine,0.8649827
DPID_128,H12,D21,2.5,3,Simazine,0.8649827
DPID_128,H20,D22,90,3,Simazine,0.00552484
DPID_128,H20,D23,2.5,3,Simazine,0.00552484
DPID_128,I4,E2,45,3,Dipentyl phthalate,100
DPID_128,I4,E3,25,3,Dipentyl phthalate,100
DPID_128,I4,E4,12.5,3,Dipentyl phthalate,100
DPID_128,I4,E5,5,3,Dipentyl phthalate,100
DPID_128,I4,E6,2.5,3,Dipentyl phthalate,100
DPID_128,I12,E7,90,3,Dipentyl phthalate,1.729965401
DPID_128,I12,E8,35,3,Dipentyl phthalate,1.729965401
DPID_128,I12,E9,12.5,3,Dipentyl phthalate,1.729965401
DPID_128,I12,E10,2.5,3,Dipentyl phthalate,1.729965401
DPID_128,I20,E11,90,3,Dipentyl phthalate,0.011049679
DPID_128,I20,E12,2.5,3,Dipentyl phthalate,0.011049679
DPID_128,J4,E13,45,3,"2,4-Dihydroxybenzophenone",100
DPID_128,J4,E14,25,3,"2,4-Dihydroxybenzophenone",100
DPID_128,J4,E15,12.5,3,"2,4-Dihydroxybenzophenone",100
DPID_128,J4,E16,5,3,"2,4-Dihydroxybenzophenone",100
DPID_128,J4,E17,2.5,3,"2,4-Dihydroxybenzophenone",100
DPID_128,J12,E18,90,3,"2,4-Dihydroxybenzophenone",1.729965401
DPID_128,J12,E19,35,3,"2,4-Dihydroxybenzophenone",1.729965401
DPID_128,J12,E20,12.5,3,"2,4-Dihydroxybenzophenone",1.729965401
DPID_128,J12,E21,2.5,3,"2,4-Dihydroxybenzophenone",1.729965401
DPID_128,J20,E22,90,3,"2,4-Dihydroxybenzophenone",0.011049679
DPID_128,J20,E23,2.5,3,"2,4-Dihydroxybenzophenone",0.011049679
DPID_128,K4,F2,45,3,Ethoprop,100
DPID_128,K4,F3,25,3,Ethoprop,100
DPID_128,K4,F4,12.5,3,Ethoprop,100
DPID_128,K4,F5,5,3,Ethoprop,100
DPID_128,K4,F6,2.5,3,Ethoprop,100
DPID_128,K12,F7,90,3,Ethoprop,1.729965401
DPID_128,K12,F8,35,3,Ethoprop,1.729965401
DPID_128,K12,F9,12.5,3,Ethoprop,1.729965401
DPID_128,K12,F10,2.5,3,Ethoprop,1.729965401
DPID_128,K20,F11,90,3,Ethoprop,0.011049679
DPID_128,K20,F12,2.5,3,Ethoprop,0.011049679
DPID_128,L4,F13,45,3,"4-(1,1,3,3-Tetramethylbutyl)phenol",100
DPID_128,L4,F14,25,3,"4-(1,1,3,3-Tetramethylbutyl)phenol",100
DPID_128,L4,F15,12.5,3,"4-(1,1,3,3-Tetramethylbutyl)phenol",100
DPID_128,L4,F16,5,3,"4-(1,1,3,3-Tetramethylbutyl)phenol",100
DPID_128,L4,F17,2.5,3,"4-(1,1,3,3-Tetramethylbutyl)phenol",100
DPID_128,L12,F18,90,3,"4-(1,1,3,3-Tetramethylbutyl)phenol",1.729965401
DPID_128,L12,F19,35,3,"4-(1,1,3,3-Tetramethylbutyl)phenol",1.729965401
DPID_128,L12,F20,12.5,3,"4-(1,1,3,3-Tetramethylbutyl)phenol",1.729965401
DPID_128,L12,F21,2.5,3,"4-(1,1,3,3-Tetramethylbutyl)phenol",1.729965401
DPID_128,L20,F22,90,3,"4-(1,1,3,3-Tetramethylbutyl)phenol",0.011049679
DPID_128,L20,F23,2.5,3,"4-(1,1,3,3-Tetramethylbutyl)phenol",0.011049679
DPID_128,M4,G2,45,3,Enclomiphene hydrochloride,100
DPID_128,M4,G3,25,3,Enclomiphene hydrochloride,100
DPID_128,M4,G4,12.5,3,Enclomiphene hydrochloride,100
DPID_128,M4,G5,5,3,Enclomiphene hydrochloride,100
DPID_128,M4,G6,2.5,3,Enclomiphene hydrochloride,100
DPID_128,M12,G7,90,3,Enclomiphene hydrochloride,1.729965401
DPID_128,M12,G8,35,3,Enclomiphene hydrochloride,1.729965401
DPID_128,M12,G9,12.5,3,Enclomiphene hydrochloride,1.729965401
DPID_128,M12,G10,2.5,3,Enclomiphene hydrochloride,1.729965401
DPID_128,M20,G11,90,3,Enclomiphene hydrochloride,0.011049679
DPID_128,M20,G12,2.5,3,Enclomiphene hydrochloride,0.011049679
DPID_128,N4,G13,45,3,Carbofuran,100
DPID_128,N4,G14,25,3,Carbofuran,100
DPID_128,N4,G15,12.5,3,Carbofuran,100
DPID_128,N4,G16,5,3,Carbofuran,100
DPID_128,N4,G17,2.5,3,Carbofuran,100
DPID_128,N12,G18,90,3,Carbofuran,1.729965401
DPID_128,N12,G19,35,3,Carbofuran,1.729965401
DPID_128,N12,G20,12.5,3,Carbofuran,1.729965401
DPID_128,N12,G21,2.5,3,Carbofuran,1.729965401
DPID_128,N20,G22,90,3,Carbofuran,0.011049679
DPID_128,N20,G23,2.5,3,Carbofuran,0.011049679
DPID_128,O4,H2,45,3,Trifluralin,100
DPID_128,O4,H3,25,3,Trifluralin,100
DPID_128,O4,H4,12.5,3,Trifluralin,100
DPID_128,O4,H5,5,3,Trifluralin,100
DPID_128,O4,H6,2.5,3,Trifluralin,100
DPID_128,O12,H7,90,3,Trifluralin,1.729965401
DPID_128,O12,H8,35,3,Trifluralin,1.729965401
DPID_128,O12,H9,12.5,3,Trifluralin,1.729965401
DPID_128,O12,H10,2.5,3,Trifluralin,1.729965401
DPID_128,O20,H11,90,3,Trifluralin,0.011049679
DPID_128,O20,H12,2.5,3,Trifluralin,0.011049679
DPID_128,P4,H13,45,3,Methomyl,100
DPID_128,P4,H14,25,3,Methomyl,100
DPID_128,P4,H15,12.5,3,Methomyl,100
DPID_128,P4,H16,5,3,Methomyl,100
DPID_128,P4,H17,2.5,3,Methomyl,100
DPID_128,P12,H18,90,3,Methomyl,1.729965401
DPID_128,P12,H19,35,3,Methomyl,1.729965401
DPID_128,P12,H20,12.5,3,Methomyl,1.729965401
DPID_128,P12,H21,2.5,3,Methomyl,1.729965401
DPID_128,P20,H22,90,3,Methomyl,0.011049679
DPID_128,P20,H23,2.5,3,Methomyl,0.011049679
DPID_128,A5,I2,45,3,Danazol,100
DPID_128,A5,I3,25,3,Danazol,100
DPID_128,A5,I4,12.5,3,Danazol,100
DPID_128,A5,I5,5,3,Danazol,100
DPID_128,A5,I6,2.5,3,Danazol,100
DPID_128,A13,I7,90,3,Danazol,1.729965401
DPID_128,A13,I8,35,3,Danazol,1.729965401
DPID_128,A13,I9,12.5,3,Danazol,1.729965401
DPID_128,A13,I10,2.5,3,Danazol,1.729965401
DPID_128,A21,I11,90,3,Danazol,0.011049679
DPID_128,A21,I12,2.5,3,Danazol,0.011049679
DPID_128,B5,I13,45,3,Benomyl,100
DPID_128,B5,I14,25,3,Benomyl,100
DPID_128,B5,I15,12.5,3,Benomyl,100
DPID_128,B5,I16,5,3,Benomyl,100
DPID_128,B5,I17,2.5,3,Benomyl,100
DPID_128,B13,I18,90,3,Benomyl,1.729965401
DPID_128,B13,I19,35,3,Benomyl,1.729965401
DPID_128,B13,I20,12.5,3,Benomyl,1.729965401
DPID_128,B13,I21,2.5,3,Benomyl,1.729965401
DPID_128,B21,I22,90,3,Benomyl,0.011049679
DPID_128,B21,I23,2.5,3,Benomyl,0.011049679
DPID_128,C5,J2,45,3,Benfluralin,100
DPID_128,C5,J3,25,3,Benfluralin,100
DPID_128,C5,J4,12.5,3,Benfluralin,100
DPID_128,C5,J5,5,3,Benfluralin,100
DPID_128,C5,J6,2.5,3,Benfluralin,100
DPID_128,C13,J7,90,3,Benfluralin,1.729965401
DPID_128,C13,J8,35,3,Benfluralin,1.729965401
DPID_128,C13,J9,12.5,3,Benfluralin,1.729965401
DPID_128,C13,J10,2.5,3,Benfluralin,1.729965401
DPID_128,C21,J11,90,3,Benfluralin,0.011049679
DPID_128,C21,J12,2.5,3,Benfluralin,0.011049679
DPID_128,D5,J13,45,3,Metribuzin,100
DPID_128,D5,J14,25,3,Metribuzin,100
DPID_128,D5,J15,12.5,3,Metribuzin,100
DPID_128,D5,J16,5,3,Metribuzin,100
DPID_128,D5,J17,2.5,3,Metribuzin,100
DPID_128,D13,J18,90,3,Metribuzin,1.729965401
DPID_128,D13,J19,35,3,Metribuzin,1.729965401
DPID_128,D13,J20,12.5,3,Metribuzin,1.729965401
DPID_128,D13,J21,2.5,3,Metribuzin,1.729965401
DPID_128,D21,J22,90,3,Metribuzin,0.011049679
DPID_128,D21,J23,2.5,3,Metribuzin,0.011049679
DPID_128,E5,K2,45,3,Z-Tetrachlorvinphos,100
DPID_128,E5,K3,25,3,Z-Tetrachlorvinphos,100
DPID_128,E5,K4,12.5,3,Z-Tetrachlorvinphos,100
DPID_128,E5,K5,5,3,Z-Tetrachlorvinphos,100
DPID_128,E5,K6,2.5,3,Z-Tetrachlorvinphos,100
DPID_128,E13,K7,90,3,Z-Tetrachlorvinphos,1.729965401
DPID_128,E13,K8,35,3,Z-Tetrachlorvinphos,1.729965401
DPID_128,E13,K9,12.5,3,Z-Tetrachlorvinphos,1.729965401
DPID_128,E13,K10,2.5,3,Z-Tetrachlorvinphos,1.729965401
DPID_128,E21,K11,90,3,Z-Tetrachlorvinphos,0.011049679
DPID_128,E21,K12,2.5,3,Z-Tetrachlorvinphos,0.011049679
DPID_128,F5,K13,45,3,Oxamyl,100
DPID_128,F5,K14,25,3,Oxamyl,100
DPID_128,F5,K15,12.5,3,Oxamyl,100
DPID_128,F5,K16,5,3,Oxamyl,100
DPID_128,F5,K17,2.5,3,Oxamyl,100
DPID_128,F13,K18,90,3,Oxamyl,1.729965401
DPID_128,F13,K19,35,3,Oxamyl,1.729965401
DPID_128,F13,K20,12.5,3,Oxamyl,1.729965401
DPID_128,F13,K21,2.5,3,Oxamyl,1.729965401
DPID_128,F21,K22,90,3,Oxamyl,0.011049679
DPID_128,F21,K23,2.5,3,Oxamyl,0.011049679
DPID_128,G5,L2,45,3,Propyzamide,100
DPID_128,G5,L3,25,3,Propyzamide,100
DPID_128,G5,L4,12.5,3,Propyzamide,100
DPID_128,G5,L5,5,3,Propyzamide,100
DPID_128,G5,L6,2.5,3,Propyzamide,100
DPID_128,G13,L7,90,3,Propyzamide,1.729965401
DPID_128,G13,L8,35,3,Propyzamide,1.729965401
DPID_128,G13,L9,12.5,3,Propyzamide,1.729965401
DPID_128,G13,L10,2.5,3,Propyzamide,1.729965401
DPID_128,G21,L11,90,3,Propyzamide,0.011049679
DPID_128,G21,L12,2.5,3,Propyzamide,0.011049679
DPID_128,H5,L13,45,3,Phenothrin,100
DPID_128,H5,L14,25,3,Phenothrin,100
DPID_128,H5,L15,12.5,3,Phenothrin,100
DPID_128,H5,L16,5,3,Phenothrin,100
DPID_128,H5,L17,2.5,3,Phenothrin,100
DPID_128,H13,L18,90,3,Phenothrin,1.729965401
DPID_128,H13,L19,35,3,Phenothrin,1.729965401
DPID_128,H13,L20,12.5,3,Phenothrin,1.729965401
DPID_128,H13,L21,2.5,3,Phenothrin,1.729965401
DPID_128,H21,L22,90,3,Phenothrin,0.011049679
DPID_128,H21,L23,2.5,3,Phenothrin,0.011049679
DPID_128,I5,M2,45,3,Norflurazon,100
DPID_128,I5,M3,25,3,Norflurazon,100
DPID_128,I5,M4,12.5,3,Norflurazon,100
DPID_128,I5,M5,5,3,Norflurazon,100
DPID_128,I5,M6,2.5,3,Norflurazon,100
DPID_128,I13,M7,90,3,Norflurazon,1.729965401
DPID_128,I13,M8,35,3,Norflurazon,1.729965401
DPID_128,I13,M9,12.5,3,Norflurazon,1.729965401
DPID_128,I13,M10,2.5,3,Norflurazon,1.729965401
DPID_128,I21,M11,90,3,Norflurazon,0.011049679
DPID_128,I21,M12,2.5,3,Norflurazon,0.011049679
DPID_128,J5,M13,45,3,Acephate,100
DPID_128,J5,M14,25,3,Acephate,100
DPID_128,J5,M15,12.5,3,Acephate,100
DPID_128,J5,M16,5,3,Acephate,100
DPID_128,J5,M17,2.5,3,Acephate,100
DPID_128,J13,M18,90,3,Acephate,1.729965401
DPID_128,J13,M19,35,3,Acephate,1.729965401
DPID_128,J13,M20,12.5,3,Acephate,1.729965401
DPID_128,J13,M21,2.5,3,Acephate,1.729965401
DPID_128,J21,M22,90,3,Acephate,0.011049679
DPID_128,J21,M23,2.5,3,Acephate,0.011049679
DPID_128,K5,N2,45,3,Procymidone,100
DPID_128,K5,N3,25,3,Procymidone,100
DPID_128,K5,N4,12.5,3,Procymidone,100
DPID_128,K5,N5,5,3,Procymidone,100
DPID_128,K5,N6,2.5,3,Procymidone,100
DPID_128,K13,N7,90,3,Procymidone,1.729965401
DPID_128,K13,N8,35,3,Procymidone,1.729965401
DPID_128,K13,N9,12.5,3,Procymidone,1.729965401
DPID_128,K13,N10,2.5,3,Procymidone,1.729965401
DPID_128,K21,N11,90,3,Procymidone,0.011049679
DPID_128,K21,N12,2.5,3,Procymidone,0.011049679
DPID_128,L5,N13,45,3,Linuron,100
DPID_128,L5,N14,25,3,Linuron,100
DPID_128,L5,N15,12.5,3,Linuron,100
DPID_128,L5,N16,5,3,Linuron,100
DPID_128,L5,N17,2.5,3,Linuron,100
DPID_128,L13,N18,90,3,Linuron,1.729965401
DPID_128,L13,N19,35,3,Linuron,1.729965401
DPID_128,L13,N20,12.5,3,Linuron,1.729965401
DPID_128,L13,N21,2.5,3,Linuron,1.729965401
DPID_128,L21,N22,90,3,Linuron,0.011049679
DPID_128,L21,N23,2.5,3,Linuron,0.011049679
DPID_128,M5,O2,45,3,Diazinon,100
DPID_128,M5,O3,25,3,Diazinon,100
DPID_128,M5,O4,12.5,3,Diazinon,100
DPID_128,M5,O5,5,3,Diazinon,100
DPID_128,M5,O6,2.5,3,Diazinon,100
DPID_128,M13,O7,90,3,Diazinon,1.729965401
DPID_128,M13,O8,35,3,Diazinon,1.729965401
DPID_128,M13,O9,12.5,3,Diazinon,1.729965401
DPID_128,M13,O10,2.5,3,Diazinon,1.729965401
DPID_128,M21,O11,90,3,Diazinon,0.011049679
DPID_128,M21,O12,2.5,3,Diazinon,0.011049679
DPID_128,N5,O13,45,3,Iprodione,100
DPID_128,N5,O14,25,3,Iprodione,100
DPID_128,N5,O15,12.5,3,Iprodione,100
DPID_128,N5,O16,5,3,Iprodione,100
DPID_128,N5,O17,2.5,3,Iprodione,100
DPID_128,N13,O18,90,3,Iprodione,1.729965401
DPID_128,N13,O19,35,3,Iprodione,1.729965401
DPID_128,N13,O20,12.5,3,Iprodione,1.729965401
DPID_128,N13,O21,2.5,3,Iprodione,1.729965401
DPID_128,N21,O22,90,3,Iprodione,0.011049679
DPID_128,N21,O23,2.5,3,Iprodione,0.011049679
DPID_128,O5,C2,45,4,Triadimefon,100
DPID_128,O5,C3,25,4,Triadimefon,100
DPID_128,O5,C4,12.5,4,Triadimefon,100
DPID_128,O5,C5,5,4,Triadimefon,100
DPID_128,O5,C6,2.5,4,Triadimefon,100
DPID_128,O13,C7,90,4,Triadimefon,1.729965401
DPID_128,O13,C8,35,4,Triadimefon,1.729965401
DPID_128,O13,C9,12.5,4,Triadimefon,1.729965401
DPID_128,O13,C10,2.5,4,Triadimefon,1.729965401
DPID_128,O21,C11,90,4,Triadimefon,0.011049679
DPID_128,O21,C12,2.5,4,Triadimefon,0.011049679
DPID_128,P5,C13,45,4,Mono(2-ethylhexyl) phthalate,100
DPID_128,P5,C14,25,4,Mono(2-ethylhexyl) phthalate,100
DPID_128,P5,C15,12.5,4,Mono(2-ethylhexyl) phthalate,100
DPID_128,P5,C16,5,4,Mono(2-ethylhexyl) phthalate,100
DPID_128,P5,C17,2.5,4,Mono(2-ethylhexyl) phthalate,100
DPID_128,P13,C18,90,4,Mono(2-ethylhexyl) phthalate,1.729965401
DPID_128,P13,C19,35,4,Mono(2-ethylhexyl) phthalate,1.729965401
DPID_128,P13,C20,12.5,4,Mono(2-ethylhexyl) phthalate,1.729965401
DPID_128,P13,C21,2.5,4,Mono(2-ethylhexyl) phthalate,1.729965401
DPID_128,P21,C22,90,4,Mono(2-ethylhexyl) phthalate,0.011049679
DPID_128,P21,C23,2.5,4,Mono(2-ethylhexyl) phthalate,0.011049679
DPID_128,A6,D2,45,4,Equilin,100
DPID_128,A6,D3,25,4,Equilin,100
DPID_128,A6,D4,12.5,4,Equilin,100
DPID_128,A6,D5,5,4,Equilin,100
DPID_128,A6,D6,2.5,4,Equilin,100
DPID_128,A14,D7,90,4,Equilin,1.729965401
DPID_128,A14,D8,35,4,Equilin,1.729965401
DPID_128,A14,D9,12.5,4,Equilin,1.729965401
DPID_128,A14,D10,2.5,4,Equilin,1.729965401
DPID_128,A22,D11,90,4,Equilin,0.011049679
DPID_128,A22,D12,2.5,4,Equilin,0.011049679
DPID_128,B6,D13,45,4,Coumestrol ,100
DPID_128,B6,D14,25,4,Coumestrol ,100
DPID_128,B6,D15,12.5,4,Coumestrol ,100
DPID_128,B6,D16,5,4,Coumestrol ,100
DPID_128,B6,D17,2.5,4,Coumestrol ,100
DPID_128,B14,D18,90,4,Coumestrol ,1.729965401
DPID_128,B14,D19,35,4,Coumestrol ,1.729965401
DPID_128,B14,D20,12.5,4,Coumestrol ,1.729965401
DPID_128,B14,D21,2.5,4,Coumestrol ,1.729965401
DPID_128,B22,D22,90,4,Coumestrol ,0.011049679
DPID_128,B22,D23,2.5,4,Coumestrol ,0.011049679
DPID_128,C6,E2,45,4,Dichlorodiphenyltrichloroethane,100
DPID_128,C6,E3,25,4,Dichlorodiphenyltrichloroethane,100
DPID_128,C6,E4,12.5,4,Dichlorodiphenyltrichloroethane,100
DPID_128,C6,E5,5,4,Dichlorodiphenyltrichloroethane,100
DPID_128,C6,E6,2.5,4,Dichlorodiphenyltrichloroethane,100
DPID_128,C14,E7,90,4,Dichlorodiphenyltrichloroethane,1.729965401
DPID_128,C14,E8,35,4,Dichlorodiphenyltrichloroethane,1.729965401
DPID_128,C14,E9,12.5,4,Dichlorodiphenyltrichloroethane,1.729965401
DPID_128,C14,E10,2.5,4,Dichlorodiphenyltrichloroethane,1.729965401
DPID_128,C22,E11,90,4,Dichlorodiphenyltrichloroethane,0.011049679
DPID_128,C22,E12,2.5,4,Dichlorodiphenyltrichloroethane,0.011049679
DPID_128,D6,E13,45,4,Clomiphene citrate,100
DPID_128,D6,E14,25,4,Clomiphene citrate,100
DPID_128,D6,E15,12.5,4,Clomiphene citrate,100
DPID_128,D6,E16,5,4,Clomiphene citrate,100
DPID_128,D6,E17,2.5,4,Clomiphene citrate,100
DPID_128,D14,E18,90,4,Clomiphene citrate,1.729965401
DPID_128,D14,E19,35,4,Clomiphene citrate,1.729965401
DPID_128,D14,E20,12.5,4,Clomiphene citrate,1.729965401
DPID_128,D14,E21,2.5,4,Clomiphene citrate,1.729965401
DPID_128,D22,E22,90,4,Clomiphene citrate,0.011049679
DPID_128,D22,E23,2.5,4,Clomiphene citrate,0.011049679
DPID_128,E6,F2,45,4,Vinclozolin,100
DPID_128,E6,F3,25,4,Vinclozolin,100
DPID_128,E6,F4,12.5,4,Vinclozolin,100
DPID_128,E6,F5,5,4,Vinclozolin,100
DPID_128,E6,F6,2.5,4,Vinclozolin,100
DPID_128,E14,F7,90,4,Vinclozolin,1.729965401
DPID_128,E14,F8,35,4,Vinclozolin,1.729965401
DPID_128,E14,F9,12.5,4,Vinclozolin,1.729965401
DPID_128,E14,F10,2.5,4,Vinclozolin,1.729965401
DPID_128,E22,F11,90,4,Vinclozolin,0.011049679
DPID_128,E22,F12,2.5,4,Vinclozolin,0.011049679
DPID_128,F6,F13,45,4,Metolachlor,100
DPID_128,F6,F14,25,4,Metolachlor,100
DPID_128,F6,F15,12.5,4,Metolachlor,100
DPID_128,F6,F16,5,4,Metolachlor,100
DPID_128,F6,F17,2.5,4,Metolachlor,100
DPID_128,F14,F18,90,4,Metolachlor,1.729965401
DPID_128,F14,F19,35,4,Metolachlor,1.729965401
DPID_128,F14,F20,12.5,4,Metolachlor,1.729965401
DPID_128,F14,F21,2.5,4,Metolachlor,1.729965401
DPID_128,F22,F22,90,4,Metolachlor,0.011049679
DPID_128,F22,F23,2.5,4,Metolachlor,0.011049679
DPID_128,G6,G2,45,4,2-Ethylhexylparaben,100
DPID_128,G6,G3,25,4,2-Ethylhexylparaben,100
DPID_128,G6,G4,12.5,4,2-Ethylhexylparaben,100
DPID_128,G6,G5,5,4,2-Ethylhexylparaben,100
DPID_128,G6,G6,2.5,4,2-Ethylhexylparaben,100
DPID_128,G14,G7,90,4,2-Ethylhexylparaben,1.729965401
DPID_128,G14,G8,35,4,2-Ethylhexylparaben,1.729965401
DPID_128,G14,G9,12.5,4,2-Ethylhexylparaben,1.729965401
DPID_128,G14,G10,2.5,4,2-Ethylhexylparaben,1.729965401
DPID_128,G22,G11,90,4,2-Ethylhexylparaben,0.011049679
DPID_128,G22,G12,2.5,4,2-Ethylhexylparaben,0.011049679
DPID_128,H6,G13,45,4,Fenvalerate,100
DPID_128,H6,G14,25,4,Fenvalerate,100
DPID_128,H6,G15,12.5,4,Fenvalerate,100
DPID_128,H6,G16,5,4,Fenvalerate,100
DPID_128,H6,G17,2.5,4,Fenvalerate,100
DPID_128,H14,G18,90,4,Fenvalerate,1.729965401
DPID_128,H14,G19,35,4,Fenvalerate,1.729965401
DPID_128,H14,G20,12.5,4,Fenvalerate,1.729965401
DPID_128,H14,G21,2.5,4,Fenvalerate,1.729965401
DPID_128,H22,G22,90,4,Fenvalerate,0.011049679
DPID_128,H22,G23,2.5,4,Fenvalerate,0.011049679
DPID_128,I6,H2,45,4,Kaempferol,100
DPID_128,I6,H3,25,4,Kaempferol,100
DPID_128,I6,H4,12.5,4,Kaempferol,100
DPID_128,I6,H5,5,4,Kaempferol,100
DPID_128,I6,H6,2.5,4,Kaempferol,100
DPID_128,I14,H7,90,4,Kaempferol,1.729965401
DPID_128,I14,H8,35,4,Kaempferol,1.729965401
DPID_128,I14,H9,12.5,4,Kaempferol,1.729965401
DPID_128,I14,H10,2.5,4,Kaempferol,1.729965401
DPID_128,I22,H11,90,4,Kaempferol,0.011049679
DPID_128,I22,H12,2.5,4,Kaempferol,0.011049679
DPID_128,J6,H13,45,4,Apigenin,100
DPID_128,J6,H14,25,4,Apigenin,100
DPID_128,J6,H15,12.5,4,Apigenin,100
DPID_128,J6,H16,5,4,Apigenin,100
DPID_128,J6,H17,2.5,4,Apigenin,100
DPID_128,J14,H18,90,4,Apigenin,1.729965401
DPID_128,J14,H19,35,4,Apigenin,1.729965401
DPID_128,J14,H20,12.5,4,Apigenin,1.729965401
DPID_128,J14,H21,2.5,4,Apigenin,1.729965401
DPID_128,J22,H22,90,4,Apigenin,0.011049679
DPID_128,J22,H23,2.5,4,Apigenin,0.011049679
DPID_128,K6,I2,45,4,Deltamethrin,100
DPID_128,K6,I3,25,4,Deltamethrin,100
DPID_128,K6,I4,12.5,4,Deltamethrin,100
DPID_128,K6,I5,5,4,Deltamethrin,100
DPID_128,K6,I6,2.5,4,Deltamethrin,100
DPID_128,K14,I7,90,4,Deltamethrin,1.729965401
DPID_128,K14,I8,35,4,Deltamethrin,1.729965401
DPID_128,K14,I9,12.5,4,Deltamethrin,1.729965401
DPID_128,K14,I10,2.5,4,Deltamethrin,1.729965401
DPID_128,K22,I11,90,4,Deltamethrin,0.011049679
DPID_128,K22,I12,2.5,4,Deltamethrin,0.011049679
DPID_128,L6,I13,45,4,Estrone,100
DPID_128,L6,I14,25,4,Estrone,100
DPID_128,L6,I15,12.5,4,Estrone,100
DPID_128,L6,I16,5,4,Estrone,100
DPID_128,L6,I17,2.5,4,Estrone,100
DPID_128,L14,I18,90,4,Estrone,1.729965401
DPID_128,L14,I19,35,4,Estrone,1.729965401
DPID_128,L14,I20,12.5,4,Estrone,1.729965401
DPID_128,L14,I21,2.5,4,Estrone,1.729965401
DPID_128,L22,I22,90,4,Estrone,0.011049679
DPID_128,L22,I23,2.5,4,Estrone,0.011049679
DPID_128,M6,J2,45,4,Fenthion,100
DPID_128,M6,J3,25,4,Fenthion,100
DPID_128,M6,J4,12.5,4,Fenthion,100
DPID_128,M6,J5,5,4,Fenthion,100
DPID_128,M6,J6,2.5,4,Fenthion,100
DPID_128,M14,J7,90,4,Fenthion,1.729965401
DPID_128,M14,J8,35,4,Fenthion,1.729965401
DPID_128,M14,J9,12.5,4,Fenthion,1.729965401
DPID_128,M14,J10,2.5,4,Fenthion,1.729965401
DPID_128,M22,J11,90,4,Fenthion,0.011049679
DPID_128,M22,J12,2.5,4,Fenthion,0.011049679
DPID_128,N6,J13,45,4,Octamethylcyclotetrasiloxane,100
DPID_128,N6,J14,25,4,Octamethylcyclotetrasiloxane,100
DPID_128,N6,J15,12.5,4,Octamethylcyclotetrasiloxane,100
DPID_128,N6,J16,5,4,Octamethylcyclotetrasiloxane,100
DPID_128,N6,J17,2.5,4,Octamethylcyclotetrasiloxane,100
DPID_128,N14,J18,90,4,Octamethylcyclotetrasiloxane,1.729965401
DPID_128,N14,J19,35,4,Octamethylcyclotetrasiloxane,1.729965401
DPID_128,N14,J20,12.5,4,Octamethylcyclotetrasiloxane,1.729965401
DPID_128,N14,J21,2.5,4,Octamethylcyclotetrasiloxane,1.729965401
DPID_128,N22,J22,90,4,Octamethylcyclotetrasiloxane,0.011049679
DPID_128,N22,J23,2.5,4,Octamethylcyclotetrasiloxane,0.011049679
DPID_128,O6,K2,45,4,Chlorpyrifos-methyl,100
DPID_128,O6,K3,25,4,Chlorpyrifos-methyl,100
DPID_128,O6,K4,12.5,4,Chlorpyrifos-methyl,100
DPID_128,O6,K5,5,4,Chlorpyrifos-methyl,100
DPID_128,O6,K6,2.5,4,Chlorpyrifos-methyl,100
DPID_128,O14,K7,90,4,Chlorpyrifos-methyl,1.729965401
DPID_128,O14,K8,35,4,Chlorpyrifos-methyl,1.729965401
DPID_128,O14,K9,12.5,4,Chlorpyrifos-methyl,1.729965401
DPID_128,O14,K10,2.5,4,Chlorpyrifos-methyl,1.729965401
DPID_128,O22,K11,90,4,Chlorpyrifos-methyl,0.011049679
DPID_128,O22,K12,2.5,4,Chlorpyrifos-methyl,0.011049679
DPID_128,P6,K13,45,4,Diethylstilbestrol,100
DPID_128,P6,K14,25,4,Diethylstilbestrol,100
DPID_128,P6,K15,12.5,4,Diethylstilbestrol,100
DPID_128,P6,K16,5,4,Diethylstilbestrol,100
DPID_128,P6,K17,2.5,4,Diethylstilbestrol,100
DPID_128,P14,K18,90,4,Diethylstilbestrol,1.729965401
DPID_128,P14,K19,35,4,Diethylstilbestrol,1.729965401
DPID_128,P14,K20,12.5,4,Diethylstilbestrol,1.729965401
DPID_128,P14,K21,2.5,4,Diethylstilbestrol,1.729965401
DPID_128,P22,K22,90,4,Diethylstilbestrol,0.011049679
DPID_128,P22,K23,2.5,4,Diethylstilbestrol,0.011049679
DPID_128,A7,L2,45,4,Formestane,100
DPID_128,A7,L3,25,4,Formestane,100
DPID_128,A7,L4,12.5,4,Formestane,100
DPID_128,A7,L5,5,4,Formestane,100
DPID_128,A7,L6,2.5,4,Formestane,100
DPID_128,A15,L7,90,4,Formestane,1.729965401
DPID_128,A15,L8,35,4,Formestane,1.729965401
DPID_128,A15,L9,12.5,4,Formestane,1.729965401
DPID_128,A15,L10,2.5,4,Formestane,1.729965401
DPID_128,A23,L11,90,4,Formestane,0.011049679
DPID_128,A23,L12,2.5,4,Formestane,0.011049679
DPID_128,B7,L13,45,4,Metalaxyl,100
DPID_128,B7,L14,25,4,Metalaxyl,100
DPID_128,B7,L15,12.5,4,Metalaxyl,100
DPID_128,B7,L16,5,4,Metalaxyl,100
DPID_128,B7,L17,2.5,4,Metalaxyl,100
DPID_128,B15,L18,90,4,Metalaxyl,1.729965401
DPID_128,B15,L19,35,4,Metalaxyl,1.729965401
DPID_128,B15,L20,12.5,4,Metalaxyl,1.729965401
DPID_128,B15,L21,2.5,4,Metalaxyl,1.729965401
DPID_128,B23,L22,90,4,Metalaxyl,0.011049679
DPID_128,B23,L23,2.5,4,Metalaxyl,0.011049679
DPID_128,C7,M2,45,4,17alpha-Estradiol,100
DPID_128,C7,M3,25,4,17alpha-Estradiol,100
DPID_128,C7,M4,12.5,4,17alpha-Estradiol,100
DPID_128,C7,M5,5,4,17alpha-Estradiol,100
DPID_128,C7,M6,2.5,4,17alpha-Estradiol,100
DPID_128,C15,M7,90,4,17alpha-Estradiol,1.729965401
DPID_128,C15,M8,35,4,17alpha-Estradiol,1.729965401
DPID_128,C15,M9,12.5,4,17alpha-Estradiol,1.729965401
DPID_128,C15,M10,2.5,4,17alpha-Estradiol,1.729965401
DPID_128,C23,M11,90,4,17alpha-Estradiol,0.011049679
DPID_128,C23,M12,2.5,4,17alpha-Estradiol,0.011049679
DPID_128,D7,M13,45,4,4-Cumylphenol,100
DPID_128,D7,M14,25,4,4-Cumylphenol,100
DPID_128,D7,M15,12.5,4,4-Cumylphenol,100
DPID_128,D7,M16,5,4,4-Cumylphenol,100
DPID_128,D7,M17,2.5,4,4-Cumylphenol,100
DPID_128,D15,M18,90,4,4-Cumylphenol,1.729965401
DPID_128,D15,M19,35,4,4-Cumylphenol,1.729965401
DPID_128,D15,M20,12.5,4,4-Cumylphenol,1.729965401
DPID_128,D15,M21,2.5,4,4-Cumylphenol,1.729965401
DPID_128,D23,M22,90,4,4-Cumylphenol,0.011049679
DPID_128,D23,M23,2.5,4,4-Cumylphenol,0.011049679
DPID_128,E7,N2,45,4,Fenarimol,100
DPID_128,E7,N3,25,4,Fenarimol,100
DPID_128,E7,N4,12.5,4,Fenarimol,100
DPID_128,E7,N5,5,4,Fenarimol,100
DPID_128,E7,N6,2.5,4,Fenarimol,100
DPID_128,E15,N7,90,4,Fenarimol,1.729965401
DPID_128,E15,N8,35,4,Fenarimol,1.729965401
DPID_128,E15,N9,12.5,4,Fenarimol,1.729965401
DPID_128,E15,N10,2.5,4,Fenarimol,1.729965401
DPID_128,E23,N11,90,4,Fenarimol,0.011049679
DPID_128,E23,N12,2.5,4,Fenarimol,0.011049679
DPID_128,F7,N13,45,4,Propiconazole,100
DPID_128,F7,N14,25,4,Propiconazole,100
DPID_128,F7,N15,12.5,4,Propiconazole,100
DPID_128,F7,N16,5,4,Propiconazole,100
DPID_128,F7,N17,2.5,4,Propiconazole,100
DPID_128,F15,N18,90,4,Propiconazole,1.729965401
DPID_128,F15,N19,35,4,Propiconazole,1.729965401
DPID_128,F15,N20,12.5,4,Propiconazole,1.729965401
DPID_128,F15,N21,2.5,4,Propiconazole,1.729965401
DPID_128,F23,N22,90,4,Propiconazole,0.011049679
DPID_128,F23,N23,2.5,4,Propiconazole,0.011049679
DPID_128,G7,O2,45,4,Hydroxyprogesterone caproate,100
DPID_128,G7,O3,25,4,Hydroxyprogesterone caproate,100
DPID_128,G7,O4,12.5,4,Hydroxyprogesterone caproate,100
DPID_128,G7,O5,5,4,Hydroxyprogesterone caproate,100
DPID_128,G7,O6,2.5,4,Hydroxyprogesterone caproate,100
DPID_128,G15,O7,90,4,Hydroxyprogesterone caproate,1.729965401
DPID_128,G15,O8,35,4,Hydroxyprogesterone caproate,1.729965401
DPID_128,G15,O9,12.5,4,Hydroxyprogesterone caproate,1.729965401
DPID_128,G15,O10,2.5,4,Hydroxyprogesterone caproate,1.729965401
DPID_128,G23,O11,90,4,Hydroxyprogesterone caproate,0.011049679
DPID_128,G23,O12,2.5,4,Hydroxyprogesterone caproate,0.011049679
DPID_128,H7,O13,45,4,Esfenvalerate,100
DPID_128,H7,O14,25,4,Esfenvalerate,100
DPID_128,H7,O15,12.5,4,Esfenvalerate,100
DPID_128,H7,O16,5,4,Esfenvalerate,100
DPID_128,H7,O17,2.5,4,Esfenvalerate,100
DPID_128,H15,O18,90,4,Esfenvalerate,1.729965401
DPID_128,H15,O19,35,4,Esfenvalerate,1.729965401
DPID_128,H15,O20,12.5,4,Esfenvalerate,1.729965401
DPID_128,H15,O21,2.5,4,Esfenvalerate,1.729965401
DPID_128,H23,O22,90,4,Esfenvalerate,0.011049679
DPID_128,H23,O23,2.5,4,Esfenvalerate,0.011049679
DPID_128,I7,C2,45,5,Flutolanil,100
DPID_128,I7,C3,25,5,Flutolanil,100
DPID_128,I7,C4,12.5,5,Flutolanil,100
DPID_128,I7,C5,5,5,Flutolanil,100
DPID_128,I7,C6,2.5,5,Flutolanil,100
DPID_128,I15,C7,90,5,Flutolanil,1.729965401
DPID_128,I15,C8,35,5,Flutolanil,1.729965401
DPID_128,I15,C9,12.5,5,Flutolanil,1.729965401
DPID_128,I15,C10,2.5,5,Flutolanil,1.729965401
DPID_128,I23,C11,90,5,Flutolanil,0.011049679
DPID_128,I23,C12,2.5,5,Flutolanil,0.011049679
DPID_128,J7,C13,45,5,Naringenin,100
DPID_128,J7,C14,25,5,Naringenin,100
DPID_128,J7,C15,12.5,5,Naringenin,100
DPID_128,J7,C16,5,5,Naringenin,100
DPID_128,J7,C17,2.5,5,Naringenin,100
DPID_128,J15,C18,90,5,Naringenin,1.729965401
DPID_128,J15,C19,35,5,Naringenin,1.729965401
DPID_128,J15,C20,12.5,5,Naringenin,1.729965401
DPID_128,J15,C21,2.5,5,Naringenin,1.729965401
DPID_128,J23,C22,90,5,Naringenin,0.011049679
DPID_128,J23,C23,2.5,5,Naringenin,0.011049679
DPID_128,K7,D2,45,5,Prochloraz,100
DPID_128,K7,D3,25,5,Prochloraz,100
DPID_128,K7,D4,12.5,5,Prochloraz,100
DPID_128,K7,D5,5,5,Prochloraz,100
DPID_128,K7,D6,2.5,5,Prochloraz,100
DPID_128,K15,D7,90,5,Prochloraz,1.729965401
DPID_128,K15,D8,35,5,Prochloraz,1.729965401
DPID_128,K15,D9,12.5,5,Prochloraz,1.729965401
DPID_128,K15,D10,2.5,5,Prochloraz,1.729965401
DPID_128,K23,D11,90,5,Prochloraz,0.011049679
DPID_128,K23,D12,2.5,5,Prochloraz,0.011049679
DPID_128,L7,D13,45,5,Norethindrone,100
DPID_128,L7,D14,25,5,Norethindrone,100
DPID_128,L7,D15,12.5,5,Norethindrone,100
DPID_128,L7,D16,5,5,Norethindrone,100
DPID_128,L7,D17,2.5,5,Norethindrone,100
DPID_128,L15,D18,90,5,Norethindrone,1.729965401
DPID_128,L15,D19,35,5,Norethindrone,1.729965401
DPID_128,L15,D20,12.5,5,Norethindrone,1.729965401
DPID_128,L15,D21,2.5,5,Norethindrone,1.729965401
DPID_128,L23,D22,90,5,Norethindrone,0.011049679
DPID_128,L23,D23,2.5,5,Norethindrone,0.011049679
DPID_128,M7,E2,45,5,Cyfluthrin,100
DPID_128,M7,E3,25,5,Cyfluthrin,100
DPID_128,M7,E4,12.5,5,Cyfluthrin,100
DPID_128,M7,E5,5,5,Cyfluthrin,100
DPID_128,M7,E6,2.5,5,Cyfluthrin,100
DPID_128,M15,E7,90,5,Cyfluthrin,1.729965401
DPID_128,M15,E8,35,5,Cyfluthrin,1.729965401
DPID_128,M15,E9,12.5,5,Cyfluthrin,1.729965401
DPID_128,M15,E10,2.5,5,Cyfluthrin,1.729965401
DPID_128,M23,E11,90,5,Cyfluthrin,0.011049679
DPID_128,M23,E12,2.5,5,Cyfluthrin,0.011049679
DPID_128,N7,E13,45,5,Afimoxifene (4-Hydroxytamoxifen),100
DPID_128,N7,E14,25,5,Afimoxifene (4-Hydroxytamoxifen),100
DPID_128,N7,E15,12.5,5,Afimoxifene (4-Hydroxytamoxifen),100
DPID_128,N7,E16,5,5,Afimoxifene (4-Hydroxytamoxifen),100
DPID_128,N7,E17,2.5,5,Afimoxifene (4-Hydroxytamoxifen),100
DPID_128,N15,E18,90,5,Afimoxifene (4-Hydroxytamoxifen),1.729965401
DPID_128,N15,E19,35,5,Afimoxifene (4-Hydroxytamoxifen),1.729965401
DPID_128,N15,E20,12.5,5,Afimoxifene (4-Hydroxytamoxifen),1.729965401
DPID_128,N15,E21,2.5,5,Afimoxifene (4-Hydroxytamoxifen),1.729965401
DPID_128,N23,E22,90,5,Afimoxifene (4-Hydroxytamoxifen),0.011049679
DPID_128,N23,E23,2.5,5,Afimoxifene (4-Hydroxytamoxifen),0.011049679
DPID_128,O7,F2,45,5,"p,p'-DDD",100
DPID_128,O7,F3,25,5,"p,p'-DDD",100
DPID_128,O7,F4,12.5,5,"p,p'-DDD",100
DPID_128,O7,F5,5,5,"p,p'-DDD",100
DPID_128,O7,F6,2.5,5,"p,p'-DDD",100
DPID_128,O15,F7,90,5,"p,p'-DDD",1.729965401
DPID_128,O15,F8,35,5,"p,p'-DDD",1.729965401
DPID_128,O15,F9,12.5,5,"p,p'-DDD",1.729965401
DPID_128,O15,F10,2.5,5,"p,p'-DDD",1.729965401
DPID_128,O23,F11,90,5,"p,p'-DDD",0.011049679
DPID_128,O23,F12,2.5,5,"p,p'-DDD",0.011049679
DPID_128,P7,F13,45,5,"p,p'-DDE",100
DPID_128,P7,F14,25,5,"p,p'-DDE",100
DPID_128,P7,F15,12.5,5,"p,p'-DDE",100
DPID_128,P7,F16,5,5,"p,p'-DDE",100
DPID_128,P7,F17,2.5,5,"p,p'-DDE",100
DPID_128,P15,F18,90,5,"p,p'-DDE",1.729965401
DPID_128,P15,F19,35,5,"p,p'-DDE",1.729965401
DPID_128,P15,F20,12.5,5,"p,p'-DDE",1.729965401
DPID_128,P15,F21,2.5,5,"p,p'-DDE",1.729965401
DPID_128,P23,F22,90,5,"p,p'-DDE",0.011049679
DPID_128,P23,F23,2.5,5,"p,p'-DDE",0.011049679
DPID_128,A8,G2,45,5,Phosmet,100
DPID_128,A8,G3,25,5,Phosmet,100
DPID_128,A8,G4,12.5,5,Phosmet,100
DPID_128,A8,G5,5,5,Phosmet,100
DPID_128,A8,G6,2.5,5,Phosmet,100
DPID_128,A16,G7,90,5,Phosmet,1.729965401
DPID_128,A16,G8,35,5,Phosmet,1.729965401
DPID_128,A16,G9,12.5,5,Phosmet,1.729965401
DPID_128,A16,G10,2.5,5,Phosmet,1.729965401
DPID_128,A24,G11,90,5,Phosmet,0.011049679
DPID_128,A24,G12,2.5,5,Phosmet,0.011049679
DPID_128,B8,G13,45,5,"o,p'-DDT",100
DPID_128,B8,G14,25,5,"o,p'-DDT",100
DPID_128,B8,G15,12.5,5,"o,p'-DDT",100
DPID_128,B8,G16,5,5,"o,p'-DDT",100
DPID_128,B8,G17,2.5,5,"o,p'-DDT",100
DPID_128,B16,G18,90,5,"o,p'-DDT",1.729965401
DPID_128,B16,G19,35,5,"o,p'-DDT",1.729965401
DPID_128,B16,G20,12.5,5,"o,p'-DDT",1.729965401
DPID_128,B16,G21,2.5,5,"o,p'-DDT",1.729965401
DPID_128,B24,G22,90,5,"o,p'-DDT",0.011049679
DPID_128,B24,G23,2.5,5,"o,p'-DDT",0.011049679
DPID_128,C8,H2,45,5,Levonorgestrel,100
DPID_128,C8,H3,25,5,Levonorgestrel,100
DPID_128,C8,H4,12.5,5,Levonorgestrel,100
DPID_128,C8,H5,5,5,Levonorgestrel,100
DPID_128,C8,H6,2.5,5,Levonorgestrel,100
DPID_128,C16,H7,90,5,Levonorgestrel,1.729965401
DPID_128,C16,H8,35,5,Levonorgestrel,1.729965401
DPID_128,C16,H9,12.5,5,Levonorgestrel,1.729965401
DPID_128,C16,H10,2.5,5,Levonorgestrel,1.729965401
DPID_128,C24,H11,90,5,Levonorgestrel,0.011049679
DPID_128,C24,H12,2.5,5,Levonorgestrel,0.011049679
DPID_128,D8,H13,45,5,"4,4'-Sulfonyldiphenol",100
DPID_128,D8,H14,25,5,"4,4'-Sulfonyldiphenol",100
DPID_128,D8,H15,12.5,5,"4,4'-Sulfonyldiphenol",100
DPID_128,D8,H16,5,5,"4,4'-Sulfonyldiphenol",100
DPID_128,D8,H17,2.5,5,"4,4'-Sulfonyldiphenol",100
DPID_128,D16,H18,90,5,"4,4'-Sulfonyldiphenol",1.729965401
DPID_128,D16,H19,35,5,"4,4'-Sulfonyldiphenol",1.729965401
DPID_128,D16,H20,12.5,5,"4,4'-Sulfonyldiphenol",1.729965401
DPID_128,D16,H21,2.5,5,"4,4'-Sulfonyldiphenol",1.729965401
DPID_128,D24,H22,90,5,"4,4'-Sulfonyldiphenol",0.011049679
DPID_128,D24,H23,2.5,5,"4,4'-Sulfonyldiphenol",0.011049679
DPID_128,E8,I2,45,5,4-(2-Methylbutan-2-yl)phenol,100
DPID_128,E8,I3,25,5,4-(2-Methylbutan-2-yl)phenol,100
DPID_128,E8,I4,12.5,5,4-(2-Methylbutan-2-yl)phenol,100
DPID_128,E8,I5,5,5,4-(2-Methylbutan-2-yl)phenol,100
DPID_128,E8,I6,2.5,5,4-(2-Methylbutan-2-yl)phenol,100
DPID_128,E16,I7,90,5,4-(2-Methylbutan-2-yl)phenol,1.729965401
DPID_128,E16,I8,35,5,4-(2-Methylbutan-2-yl)phenol,1.729965401
DPID_128,E16,I9,12.5,5,4-(2-Methylbutan-2-yl)phenol,1.729965401
DPID_128,E16,I10,2.5,5,4-(2-Methylbutan-2-yl)phenol,1.729965401
DPID_128,E24,I11,90,5,4-(2-Methylbutan-2-yl)phenol,0.011049679
DPID_128,E24,I12,2.5,5,4-(2-Methylbutan-2-yl)phenol,0.011049679
DPID_128,F8,I13,45,5,Raloxifene hydrochloride,100
DPID_128,F8,I14,25,5,Raloxifene hydrochloride,100
DPID_128,F8,I15,12.5,5,Raloxifene hydrochloride,100
DPID_128,F8,I16,5,5,Raloxifene hydrochloride,100
DPID_128,F8,I17,2.5,5,Raloxifene hydrochloride,100
DPID_128,F16,I18,90,5,Raloxifene hydrochloride,1.729965401
DPID_128,F16,I19,35,5,Raloxifene hydrochloride,1.729965401
DPID_128,F16,I20,12.5,5,Raloxifene hydrochloride,1.729965401
DPID_128,F16,I21,2.5,5,Raloxifene hydrochloride,1.729965401
DPID_128,F24,I22,90,5,Raloxifene hydrochloride,0.011049679
DPID_128,F24,I23,2.5,5,Raloxifene hydrochloride,0.011049679
DPID_128,G8,J2,45,5,Bifenthrin,100
DPID_128,G8,J3,25,5,Bifenthrin,100
DPID_128,G8,J4,12.5,5,Bifenthrin,100
DPID_128,G8,J5,5,5,Bifenthrin,100
DPID_128,G8,J6,2.5,5,Bifenthrin,100
DPID_128,G16,J7,90,5,Bifenthrin,1.729965401
DPID_128,G16,J8,35,5,Bifenthrin,1.729965401
DPID_128,G16,J9,12.5,5,Bifenthrin,1.729965401
DPID_128,G16,J10,2.5,5,Bifenthrin,1.729965401
DPID_128,G24,J11,90,5,Bifenthrin,0.011049679
DPID_128,G24,J12,2.5,5,Bifenthrin,0.011049679
DPID_128,H8,J13,45,5,Pentachloronitrobenzene,100
DPID_128,H8,J14,25,5,Pentachloronitrobenzene,100
DPID_128,H8,J15,12.5,5,Pentachloronitrobenzene,100
DPID_128,H8,J16,5,5,Pentachloronitrobenzene,100
DPID_128,H8,J17,2.5,5,Pentachloronitrobenzene,100
DPID_128,H16,J18,90,5,Pentachloronitrobenzene,1.729965401
DPID_128,H16,J19,35,5,Pentachloronitrobenzene,1.729965401
DPID_128,H16,J20,12.5,5,Pentachloronitrobenzene,1.729965401
DPID_128,H16,J21,2.5,5,Pentachloronitrobenzene,1.729965401
DPID_128,H24,J22,90,5,Pentachloronitrobenzene,0.011049679
DPID_128,H24,J23,2.5,5,Pentachloronitrobenzene,0.011049679
DPID_128,I8,K2,45,5,Dihexyl phthalate,100
DPID_128,I8,K3,25,5,Dihexyl phthalate,100
DPID_128,I8,K4,12.5,5,Dihexyl phthalate,100
DPID_128,I8,K5,5,5,Dihexyl phthalate,100
DPID_128,I8,K6,2.5,5,Dihexyl phthalate,100
DPID_128,I16,K7,90,5,Dihexyl phthalate,1.729965401
DPID_128,I16,K8,35,5,Dihexyl phthalate,1.729965401
DPID_128,I16,K9,12.5,5,Dihexyl phthalate,1.729965401
DPID_128,I16,K10,2.5,5,Dihexyl phthalate,1.729965401
DPID_128,I24,K11,90,5,Dihexyl phthalate,0.011049679
DPID_128,I24,K12,2.5,5,Dihexyl phthalate,0.011049679
DPID_128,J8,K13,45,5,Butylbenzylphthalate,100
DPID_128,J8,K14,25,5,Butylbenzylphthalate,100
DPID_128,J8,K15,12.5,5,Butylbenzylphthalate,100
DPID_128,J8,K16,5,5,Butylbenzylphthalate,100
DPID_128,J8,K17,2.5,5,Butylbenzylphthalate,100
DPID_128,J16,K18,90,5,Butylbenzylphthalate,1.729965401
DPID_128,J16,K19,35,5,Butylbenzylphthalate,1.729965401
DPID_128,J16,K20,12.5,5,Butylbenzylphthalate,1.729965401
DPID_128,J16,K21,2.5,5,Butylbenzylphthalate,1.729965401
DPID_128,J24,K22,90,5,Butylbenzylphthalate,0.011049679
DPID_128,J24,K23,2.5,5,Butylbenzylphthalate,0.011049679
DPID_128,K8,L2,45,5,Pentachlorophenol,100
DPID_128,K8,L3,25,5,Pentachlorophenol,100
DPID_128,K8,L4,12.5,5,Pentachlorophenol,100
DPID_128,K8,L5,5,5,Pentachlorophenol,100
DPID_128,K8,L6,2.5,5,Pentachlorophenol,100
DPID_128,K16,L7,90,5,Pentachlorophenol,1.729965401
DPID_128,K16,L8,35,5,Pentachlorophenol,1.729965401
DPID_128,K16,L9,12.5,5,Pentachlorophenol,1.729965401
DPID_128,K16,L10,2.5,5,Pentachlorophenol,1.729965401
DPID_128,K24,L11,90,5,Pentachlorophenol,0.011049679
DPID_128,K24,L12,2.5,5,Pentachlorophenol,0.011049679
DPID_128,L8,L13,45,5,Butylparaben,100
DPID_128,L8,L14,25,5,Butylparaben,100
DPID_128,L8,L15,12.5,5,Butylparaben,100
DPID_128,L8,L16,5,5,Butylparaben,100
DPID_128,L8,L17,2.5,5,Butylparaben,100
DPID_128,L16,L18,90,5,Butylparaben,1.729965401
DPID_128,L16,L19,35,5,Butylparaben,1.729965401
DPID_128,L16,L20,12.5,5,Butylparaben,1.729965401
DPID_128,L16,L21,2.5,5,Butylparaben,1.729965401
DPID_128,L24,L22,90,5,Butylparaben,0.011049679
DPID_128,L24,L23,2.5,5,Butylparaben,0.011049679
DPID_128,M8,M2,45,5,Finasteride,100
DPID_128,M8,M3,25,5,Finasteride,100
DPID_128,M8,M4,12.5,5,Finasteride,100
DPID_128,M8,M5,5,5,Finasteride,100
DPID_128,M8,M6,2.5,5,Finasteride,100
DPID_128,M16,M7,90,5,Finasteride,1.729965401
DPID_128,M16,M8,35,5,Finasteride,1.729965401
DPID_128,M16,M9,12.5,5,Finasteride,1.729965401
DPID_128,M16,M10,2.5,5,Finasteride,1.729965401
DPID_128,M24,M11,90,5,Finasteride,0.011049679
DPID_128,M24,M12,2.5,5,Finasteride,0.011049679
DPID_128,N8,M13,45,5,4-tert-Butylphenol,100
DPID_128,N8,M14,25,5,4-tert-Butylphenol,100
DPID_128,N8,M15,12.5,5,4-tert-Butylphenol,100
DPID_128,N8,M16,5,5,4-tert-Butylphenol,100
DPID_128,N8,M17,2.5,5,4-tert-Butylphenol,100
DPID_128,N16,M18,90,5,4-tert-Butylphenol,1.729965401
DPID_128,N16,M19,35,5,4-tert-Butylphenol,1.729965401
DPID_128,N16,M20,12.5,5,4-tert-Butylphenol,1.729965401
DPID_128,N16,M21,2.5,5,4-tert-Butylphenol,1.729965401
DPID_128,N24,M22,90,5,4-tert-Butylphenol,0.011049679
DPID_128,N24,M23,2.5,5,4-tert-Butylphenol,0.011049679
DPID_128,O8,N2,45,5,4-Hydroxybenzoic acid,100
DPID_128,O8,N3,25,5,4-Hydroxybenzoic acid,100
DPID_128,O8,N4,12.5,5,4-Hydroxybenzoic acid,100
DPID_128,O8,N5,5,5,4-Hydroxybenzoic acid,100
DPID_128,O8,N6,2.5,5,4-Hydroxybenzoic acid,100
DPID_128,O16,N7,90,5,4-Hydroxybenzoic acid,1.729965401
DPID_128,O16,N8,35,5,4-Hydroxybenzoic acid,1.729965401
DPID_128,O16,N9,12.5,5,4-Hydroxybenzoic acid,1.729965401
DPID_128,O16,N10,2.5,5,4-Hydroxybenzoic acid,1.729965401
DPID_128,O24,N11,90,5,4-Hydroxybenzoic acid,0.011049679
DPID_128,O24,N12,2.5,5,4-Hydroxybenzoic acid,0.011049679
DPID_128,P8,N13,45,5,Bicalutamide,100
DPID_128,P8,N14,25,5,Bicalutamide,100
DPID_128,P8,N15,12.5,5,Bicalutamide,100
DPID_128,P8,N16,5,5,Bicalutamide,100
DPID_128,P8,N17,2.5,5,Bicalutamide,100
DPID_128,P16,N18,90,5,Bicalutamide,1.729965401
DPID_128,P16,N19,35,5,Bicalutamide,1.729965401
DPID_128,P16,N20,12.5,5,Bicalutamide,1.729965401
DPID_128,P16,N21,2.5,5,Bicalutamide,1.729965401
DPID_128,P24,N22,90,5,Bicalutamide,0.011049679
DPID_128,P24,N23,2.5,5,Bicalutamide,0.011049679
CNTRL,A1,B9,90,1,BICAL,50
CNTRL,A1,B10,90,1,BICAL,50
CNTRL,A1,B11,90,1,BICAL,50
CNTRL,A1,B12,90,1,BICAL,50
CNTRL,A1,B13,37.5,1,BICAL,50
CNTRL,A1,B14,15,1,BICAL,50
CNTRL,A1,B15,5,1,BICAL,50
CNTRL,A1,B16,2.5,1,BICAL,50
CNTRL,B1,B17,90,1,BICAL,0.76
CNTRL,B1,B18,37.5,1,BICAL,0.76
CNTRL,B1,B19,15,1,BICAL,0.76
CNTRL,B1,B20,5,1,BICAL,0.76
CNTRL,B1,B21,2.5,1,BICAL,0.76
CNTRL,C1,B22,90,1,BICAL,0.01155
CNTRL,C1,B23,37.5,1,BICAL,0.01155
CNTRL,A1,B9,90,2,BICAL,50
CNTRL,A1,B10,90,2,BICAL,50
CNTRL,A1,B11,90,2,BICAL,50
CNTRL,A1,B12,90,2,BICAL,50
CNTRL,A1,B13,37.5,2,BICAL,50
CNTRL,A1,B14,15,2,BICAL,50
CNTRL,A1,B15,5,2,BICAL,50
CNTRL,A1,B16,2.5,2,BICAL,50
CNTRL,B1,B17,90,2,BICAL,0.76
CNTRL,B1,B18,37.5,2,BICAL,0.76
CNTRL,B1,B19,15,2,BICAL,0.76
CNTRL,B1,B20,5,2,BICAL,0.76
CNTRL,B1,B21,2.5,2,BICAL,0.76
CNTRL,C1,B22,90,2,BICAL,0.01155
CNTRL,C1,B23,37.5,2,BICAL,0.01155
CNTRL,A1,B9,90,3,BICAL,50
CNTRL,A1,B10,90,3,BICAL,50
CNTRL,A1,B11,90,3,BICAL,50
CNTRL,A1,B12,90,3,BICAL,50
CNTRL,A1,B13,37.5,3,BICAL,50
CNTRL,A1,B14,15,3,BICAL,50
CNTRL,A1,B15,5,3,BICAL,50
CNTRL,A1,B16,2.5,3,BICAL,50
CNTRL,B1,B17,90,3,BICAL,0.76
CNTRL,B1,B18,37.5,3,BICAL,0.76
CNTRL,B1,B19,15,3,BICAL,0.76
CNTRL,B1,B20,5,3,BICAL,0.76
CNTRL,B1,B21,2.5,3,BICAL,0.76
CNTRL,C1,B22,90,3,BICAL,0.01155
CNTRL,C1,B23,37.5,3,BICAL,0.01155
CNTRL,A1,B9,90,4,BICAL,50
CNTRL,A1,B10,90,4,BICAL,50
CNTRL,A1,B11,90,4,BICAL,50
CNTRL,A1,B12,90,4,BICAL,50
CNTRL,A1,B13,37.5,4,BICAL,50
CNTRL,A1,B14,15,4,BICAL,50
CNTRL,A1,B15,5,4,BICAL,50
CNTRL,A1,B16,2.5,4,BICAL,50
CNTRL,B1,B17,90,4,BICAL,0.76
CNTRL,B1,B18,37.5,4,BICAL,0.76
CNTRL,B1,B19,15,4,BICAL,0.76
CNTRL,B1,B20,5,4,BICAL,0.76
CNTRL,B1,B21,2.5,4,BICAL,0.76
CNTRL,C1,B22,90,4,BICAL,0.01155
CNTRL,C1,B23,37.5,4,BICAL,0.01155
CNTRL,A1,B9,90,5,BICAL,50
CNTRL,A1,B10,90,5,BICAL,50
CNTRL,A1,B11,90,5,BICAL,50
CNTRL,A1,B12,90,5,BICAL,50
CNTRL,A1,B13,37.5,5,BICAL,50
CNTRL,A1,B14,15,5,BICAL,50
CNTRL,A1,B15,5,5,BICAL,50
CNTRL,A1,B16,2.5,5,BICAL,50
CNTRL,B1,B17,90,5,BICAL,0.76
CNTRL,B1,B18,37.5,5,BICAL,0.76
CNTRL,B1,B19,15,5,BICAL,0.76
CNTRL,B1,B20,5,5,BICAL,0.76
CNTRL,B1,B21,2.5,5,BICAL,0.76
CNTRL,C1,B22,90,5,BICAL,0.01155
CNTRL,C1,B23,37.5,5,BICAL,0.01155
CNTRL,A2,A9,90,1,DCLN,50
CNTRL,A2,A10,90,1,DCLN,50
CNTRL,A2,A11,90,1,DCLN,50
CNTRL,A2,A12,90,1,DCLN,50
CNTRL,A2,A13,37.5,1,DCLN,50
CNTRL,A2,A14,15,1,DCLN,50
CNTRL,A2,A15,5,1,DCLN,50
CNTRL,A2,A16,2.5,1,DCLN,50
CNTRL,B2,A17,90,1,DCLN,0.76
CNTRL,B2,A18,37.5,1,DCLN,0.76
CNTRL,B2,A19,15,1,DCLN,0.76
CNTRL,B2,A20,5,1,DCLN,0.76
CNTRL,B2,A21,2.5,1,DCLN,0.76
CNTRL,C2,A22,90,1,DCLN,0.01155
CNTRL,C2,A23,37.5,1,DCLN,0.01155
CNTRL,A2,A9,90,2,DCLN,50
CNTRL,A2,A10,90,2,DCLN,50
CNTRL,A2,A11,90,2,DCLN,50
CNTRL,A2,A12,90,2,DCLN,50
CNTRL,A2,A13,37.5,2,DCLN,50
CNTRL,A2,A14,15,2,DCLN,50
CNTRL,A2,A15,5,2,DCLN,50
CNTRL,A2,A16,2.5,2,DCLN,50
CNTRL,B2,A17,90,2,DCLN,0.76
CNTRL,B2,A18,37.5,2,DCLN,0.76
CNTRL,B2,A19,15,2,DCLN,0.76
CNTRL,B2,A20,5,2,DCLN,0.76
CNTRL,B2,A21,2.5,2,DCLN,0.76
CNTRL,C2,A22,90,2,DCLN,0.01155
CNTRL,C2,A23,37.5,2,DCLN,0.01155
CNTRL,A2,A9,90,3,DCLN,50
CNTRL,A2,A10,90,3,DCLN,50
CNTRL,A2,A11,90,3,DCLN,50
CNTRL,A2,A12,90,3,DCLN,50
CNTRL,A2,A13,37.5,3,DCLN,50
CNTRL,A2,A14,15,3,DCLN,50
CNTRL,A2,A15,5,3,DCLN,50
CNTRL,A2,A16,2.5,3,DCLN,50
CNTRL,B2,A17,90,3,DCLN,0.76
CNTRL,B2,A18,37.5,3,DCLN,0.76
CNTRL,B2,A19,15,3,DCLN,0.76
CNTRL,B2,A20,5,3,DCLN,0.76
CNTRL,B2,A21,2.5,3,DCLN,0.76
CNTRL,C2,A22,90,3,DCLN,0.01155
CNTRL,C2,A23,37.5,3,DCLN,0.01155
CNTRL,A2,A9,90,4,DCLN,50
CNTRL,A2,A10,90,4,DCLN,50
CNTRL,A2,A11,90,4,DCLN,50
CNTRL,A2,A12,90,4,DCLN,50
CNTRL,A2,A13,37.5,4,DCLN,50
CNTRL,A2,A14,15,4,DCLN,50
CNTRL,A2,A15,5,4,DCLN,50
CNTRL,A2,A16,2.5,4,DCLN,50
CNTRL,B2,A17,90,4,DCLN,0.76
CNTRL,B2,A18,37.5,4,DCLN,0.76
CNTRL,B2,A19,15,4,DCLN,0.76
CNTRL,B2,A20,5,4,DCLN,0.76
CNTRL,B2,A21,2.5,4,DCLN,0.76
CNTRL,C2,A22,90,4,DCLN,0.01155
CNTRL,C2,A23,37.5,4,DCLN,0.01155
CNTRL,A2,A9,90,5,DCLN,50
CNTRL,A2,A10,90,5,DCLN,50
CNTRL,A2,A11,90,5,DCLN,50
CNTRL,A2,A12,90,5,DCLN,50
CNTRL,A2,A13,37.5,5,DCLN,50
CNTRL,A2,A14,15,5,DCLN,50
CNTRL,A2,A15,5,5,DCLN,50
CNTRL,A2,A16,2.5,5,DCLN,50
CNTRL,B2,A17,90,5,DCLN,0.76
CNTRL,B2,A18,37.5,5,DCLN,0.76
CNTRL,B2,A19,15,5,DCLN,0.76
CNTRL,B2,A20,5,5,DCLN,0.76
CNTRL,B2,A21,2.5,5,DCLN,0.76
CNTRL,C2,A22,90,5,DCLN,0.01155
CNTRL,C2,A23,37.5,5,DCLN,0.01155
,,A1,,1,,
,,B1,,1,,
,,C1,,1,,
,,D1,,1,,
,,E1,,1,,
,,F1,,1,,
,,G1,,1,,
,,H1,,1,,
,,I1,,1,,
,,J1,,1,,
,,K1,,1,,
,,L1,,1,,
,,M1,,1,,
,,N1,,1,,
,,O1,,1,,
,,P1,,1,,
,,P2,,1,,
,,P3,,1,,
,,P4,,1,,
,,P5,,1,,
,,P6,,1,,
,,P7,,1,,
,,P8,,1,,
,,P9,,1,,
,,P10,,1,,
,,P11,,1,,
,,P12,,1,,
,,P13,,1,,
,,P14,,1,,
,,P15,,1,,
,,P16,,1,,
,,P17,,1,,
,,P18,,1,,
,,P19,,1,,
,,P20,,1,,
,,P21,,1,,
,,P22,,1,,
,,P23,,1,,
,,P24,,1,,
,,A24,,1,,
,,B24,,1,,
,,C24,,1,,
,,D24,,1,,
,,E24,,1,,
,,F24,,1,,
,,G24,,1,,
,,H24,,1,,
,,I24,,1,,
,,J24,,1,,
,,K24,,1,,
,,L24,,1,,
,,M24,,1,,
,,N24,,1,,
,,O24,,1,,
,,A2,,1,,
,,A3,,1,,
,,A4,,1,,
,,A5,,1,,
,,A6,,1,,
,,A7,,1,,
,,A8,,1,,
,,B2,,1,DMSO,
,,B3,,1,DMSO,
,,B4,,1,DMSO,
,,B5,,1,DMSO,
,,B6,,1,DMSO,
,,B7,,1,DMSO,
,,B8,,1,DMSO,
,,A1,,2,,
,,B1,,2,,
,,C1,,2,,
,,D1,,2,,
,,E1,,2,,
,,F1,,2,,
,,G1,,2,,
,,H1,,2,,
,,I1,,2,,
,,J1,,2,,
,,K1,,2,,
,,L1,,2,,
,,M1,,2,,
,,N1,,2,,
,,O1,,2,,
,,P1,,2,,
,,P2,,2,,
,,P3,,2,,
,,P4,,2,,
,,P5,,2,,
,,P6,,2,,
,,P7,,2,,
,,P8,,2,,
,,P9,,2,,
,,P10,,2,,
,,P11,,2,,
,,P12,,2,,
,,P13,,2,,
,,P14,,2,,
,,P15,,2,,
,,P16,,2,,
,,P17,,2,,
,,P18,,2,,
,,P19,,2,,
,,P20,,2,,
,,P21,,2,,
,,P22,,2,,
,,P23,,2,,
,,P24,,2,,
,,A24,,2,,
,,B24,,2,,
,,C24,,2,,
,,D24,,2,,
,,E24,,2,,
,,F24,,2,,
,,G24,,2,,
,,H24,,2,,
,,I24,,2,,
,,J24,,2,,
,,K24,,2,,
,,L24,,2,,
,,M24,,2,,
,,N24,,2,,
,,O24,,2,,
,,A2,,2,,
,,A3,,2,,
,,A4,,2,,
,,A5,,2,,
,,A6,,2,,
,,A7,,2,,
,,A8,,2,,
,,B2,,2,DMSO,
,,B3,,2,DMSO,
,,B4,,2,DMSO,
,,B5,,2,DMSO,
,,B6,,2,DMSO,
,,B7,,2,DMSO,
,,B8,,2,DMSO,
,,A1,,3,,
,,B1,,3,,
,,C1,,3,,
,,D1,,3,,
,,E1,,3,,
,,F1,,3,,
,,G1,,3,,
,,H1,,3,,
,,I1,,3,,
,,J1,,3,,
,,K1,,3,,
,,L1,,3,,
,,M1,,3,,
,,N1,,3,,
,,O1,,3,,
,,P1,,3,,
,,P2,,3,,
,,P3,,3,,
,,P4,,3,,
,,P5,,3,,
,,P6,,3,,
,,P7,,3,,
,,P8,,3,,
,,P9,,3,,
,,P10,,3,,
,,P11,,3,,
,,P12,,3,,
,,P13,,3,,
,,P14,,3,,
,,P15,,3,,
,,P16,,3,,
,,P17,,3,,
,,P18,,3,,
,,P19,,3,,
,,P20,,3,,
,,P21,,3,,
,,P22,,3,,
,,P23,,3,,
,,P24,,3,,
,,A24,,3,,
,,B24,,3,,
,,C24,,3,,
,,D24,,3,,
,,E24,,3,,
,,F24,,3,,
,,G24,,3,,
,,H24,,3,,
,,I24,,3,,
,,J24,,3,,
,,K24,,3,,
,,L24,,3,,
,,M24,,3,,
,,N24,,3,,
,,O24,,3,,
,,A2,,3,,
,,A3,,3,,
,,A4,,3,,
,,A5,,3,,
,,A6,,3,,
,,A7,,3,,
,,A8,,3,,
,,B2,,3,DMSO,
,,B3,,3,DMSO,
,,B4,,3,DMSO,
,,B5,,3,DMSO,
,,B6,,3,DMSO,
,,B7,,3,DMSO,
,,B8,,3,DMSO,
,,A1,,4,,
,,B1,,4,,
,,C1,,4,,
,,D1,,4,,
,,E1,,4,,
,,F1,,4,,
,,G1,,4,,
,,H1,,4,,
,,I1,,4,,
,,J1,,4,,
,,K1,,4,,
,,L1,,4,,
,,M1,,4,,
,,N1,,4,,
,,O1,,4,,
,,P1,,4,,
,,P2,,4,,
,,P3,,4,,
,,P4,,4,,
,,P5,,4,,
,,P6,,4,,
,,P7,,4,,
,,P8,,4,,
,,P9,,4,,
,,P10,,4,,
,,P11,,4,,
,,P12,,4,,
,,P13,,4,,
,,P14,,4,,
,,P15,,4,,
,,P16,,4,,
,,P17,,4,,
,,P18,,4,,
,,P19,,4,,
,,P20,,4,,
,,P21,,4,,
,,P22,,4,,
,,P23,,4,,
,,P24,,4,,
,,A24,,4,,
,,B24,,4,,
,,C24,,4,,
,,D24,,4,,
,,E24,,4,,
,,F24,,4,,
,,G24,,4,,
,,H24,,4,,
,,I24,,4,,
,,J24,,4,,
,,K24,,4,,
,,L24,,4,,
,,M24,,4,,
,,N24,,4,,
,,O24,,4,,
,,A2,,4,,
,,A3,,4,,
,,A4,,4,,
,,A5,,4,,
,,A6,,4,,
,,A7,,4,,
,,A8,,4,,
,,B2,,4,DMSO,
,,B3,,4,DMSO,
,,B4,,4,DMSO,
,,B5,,4,DMSO,
,,B6,,4,DMSO,
,,B7,,4,DMSO,
,,B8,,4,DMSO,
,,A1,,5,,
,,B1,,5,,
,,C1,,5,,
,,D1,,5,,
,,E1,,5,,
,,F1,,5,,
,,G1,,5,,
,,H1,,5,,
,,I1,,5,,
,,J1,,5,,
,,K1,,5,,
,,L1,,5,,
,,M1,,5,,
,,N1,,5,,
,,O1,,5,,
,,P1,,5,,
,,P2,,5,,
,,P3,,5,,
,,P4,,5,,
,,P5,,5,,
,,P6,,5,,
,,P7,,5,,
,,P8,,5,,
,,P9,,5,,
,,P10,,5,,
,,P11,,5,,
,,P12,,5,,
,,P13,,5,,
,,P14,,5,,
,,P15,,5,,
,,P16,,5,,
,,P17,,5,,
,,P18,,5,,
,,P19,,5,,
,,P20,,5,,
,,P21,,5,,
,,P22,,5,,
,,P23,,5,,
,,P24,,5,,
,,A24,,5,,
,,B24,,5,,
,,C24,,5,,
,,D24,,5,,
,,E24,,5,,
,,F24,,5,,
,,G24,,5,,
,,H24,,5,,
,,I24,,5,,
,,J24,,5,,
,,K24,,5,,
,,L24,,5,,
,,M24,,5,,
,,N24,,5,,
,,O24,,5,,
,,A2,,5,,
,,A3,,5,,
,,A4,,5,,
,,A5,,5,,
,,A6,,5,,
,,A7,,5,,
,,A8,,5,,
,,B2,,5,DMSO,
,,B3,,5,DMSO,
,,B4,,5,DMSO,
,,B5,,5,DMSO,
,,B6,,5,DMSO,
,,B7,,5,DMSO,
,,B8,,5,DMSO,
,,O2,,5,,
,,O3,,5,,
,,O4,,5,,
,,O5,,5,,
,,O6,,5,,
,,O7,,5,,
,,O8,,5,,
,,O9,,5,,
,,O10,,5,,
,,O11,,5,,
,,O12,,5,,
,,O13,,5,,
,,O14,,5,,
,,O15,,5,,
,,O16,,5,,
,,O17,,5,,
,,O18,,5,,
,,O19,,5,,
,,O20,,5,,
,,O21,,5,,
,,O22,,5,,
,,O23,,5,,
