mode,cohort,replicate,assay,biogroup,cpid,TR
antagonist,1,1,AR,No_RNA,1,2674
antagonist,1,1,AR,No_RNA,2,2675
antagonist,1,1,AR,No_RNA,3,2676
antagonist,1,1,AR,No_RNA,4,2677
antagonist,1,1,AR,No_RNA,5,2678
antagonist,1,1,AR,Bgal,1,2679
antagonist,1,1,AR,Bgal,2,2680
antagonist,1,1,AR,Bgal,3,2681
antagonist,1,1,AR,Bgal,4,2682
antagonist,1,1,AR,Bgal,5,2683
antagonist,1,1,AR,CYP1A2,1,2684
antagonist,1,1,AR,CYP1A2,2,2685
antagonist,1,1,AR,CYP1A2,3,2686
antagonist,1,1,AR,CYP1A2,4,2687
antagonist,1,1,AR,CYP1A2,5,2688
antagonist,1,1,AR,CYP2A6,1,2689
antagonist,1,1,AR,CYP2A6,2,2690
antagonist,1,1,AR,CYP2A6,3,2691
antagonist,1,1,AR,CYP2A6,4,2692
antagonist,1,1,AR,CYP2A6,5,2693
antagonist,1,1,Viability,noRNA,1,2694
antagonist,1,1,Viability,noRNA,2,2695
antagonist,1,1,Viability,noRNA,3,2696
antagonist,1,1,Viability,noRNA,4,2697
antagonist,1,1,Viability,noRNA,5,2698
antagonist,1,1,Viability,Bgal,1,2699
antagonist,1,1,Viability,Bgal,2,2700
antagonist,1,1,Viability,Bgal,3,2701
antagonist,1,1,Viability,Bgal,4,2702
antagonist,1,1,Viability,Bgal,5,2703
antagonist,1,1,Viability,CYP1A2,1,2704
antagonist,1,1,Viability,CYP1A2,2,2705
antagonist,1,1,Viability,CYP1A2,3,2706
antagonist,1,1,Viability,CYP1A2,4,2707
antagonist,1,1,Viability,CYP1A2,5,2708
antagonist,1,1,Viability,CYP2A6,1,2709
antagonist,1,1,Viability,CYP2A6,2,2710
antagonist,1,1,Viability,CYP2A6,3,2711
antagonist,1,1,Viability,CYP2A6,4,2712
antagonist,1,1,Viability,CYP2A6,5,2713
antagonist,1,2,AR,No_RNA,1,2714
antagonist,1,2,AR,No_RNA,2,2715
antagonist,1,2,AR,No_RNA,3,2716
antagonist,1,2,AR,No_RNA,4,2717
antagonist,1,2,AR,No_RNA,5,2718
antagonist,1,2,AR,Bgal,1,2719
antagonist,1,2,AR,Bgal,2,2720
antagonist,1,2,AR,Bgal,3,2721
antagonist,1,2,AR,Bgal,4,2722
antagonist,1,2,AR,Bgal,5,2723
antagonist,1,2,AR,CYP1A2,1,2724
antagonist,1,2,AR,CYP1A2,2,2725
antagonist,1,2,AR,CYP1A2,3,2726
antagonist,1,2,AR,CYP1A2,4,2727
antagonist,1,2,AR,CYP1A2,5,2728
antagonist,1,2,AR,CYP2A6,1,2729
antagonist,1,2,AR,CYP2A6,2,2730
antagonist,1,2,AR,CYP2A6,3,2731
antagonist,1,2,AR,CYP2A6,4,2732
antagonist,1,2,AR,CYP2A6,5,2733
antagonist,1,2,Viability,No_RNA,1,2734
antagonist,1,2,Viability,No_RNA,2,2735
antagonist,1,2,Viability,No_RNA,3,2736
antagonist,1,2,Viability,No_RNA,4,2737
antagonist,1,2,Viability,No_RNA,5,2738
antagonist,1,2,Viability,Bgal,1,2739
antagonist,1,2,Viability,Bgal,2,2740
antagonist,1,2,Viability,Bgal,3,2741
antagonist,1,2,Viability,Bgal,4,2742
antagonist,1,2,Viability,Bgal,5,2743
antagonist,1,2,Viability,CYP1A2,1,2744
antagonist,1,2,Viability,CYP1A2,2,2745
antagonist,1,2,Viability,CYP1A2,3,2746
antagonist,1,2,Viability,CYP1A2,4,2747
antagonist,1,2,Viability,CYP1A2,5,2748
antagonist,1,2,Viability,CYP2A6,1,2749
antagonist,1,2,Viability,CYP2A6,2,2750
antagonist,1,2,Viability,CYP2A6,3,2751
antagonist,1,2,Viability,CYP2A6,4,2752
antagonist,1,2,Viability,CYP2A6,5,2753
antagonist,1,3,AR,No_RNA,1,2754
antagonist,1,3,AR,No_RNA,2,2755
antagonist,1,3,AR,No_RNA,3,2756
antagonist,1,3,AR,No_RNA,4,2757
antagonist,1,3,AR,No_RNA,5,2758
antagonist,1,3,AR,Bgal,1,2759
antagonist,1,3,AR,Bgal,2,2760
antagonist,1,3,AR,Bgal,3,2761
antagonist,1,3,AR,Bgal,4,2762
antagonist,1,3,AR,Bgal,5,2763
antagonist,1,3,AR,CYP1A2,1,2764
antagonist,1,3,AR,CYP1A2,2,2765
antagonist,1,3,AR,CYP1A2,3,2766
antagonist,1,3,AR,CYP1A2,4,2767
antagonist,1,3,AR,CYP1A2,5,2768
antagonist,1,3,AR,CYP2A6,1,2769
antagonist,1,3,AR,CYP2A6,2,2770
antagonist,1,3,AR,CYP2A6,3,2771
antagonist,1,3,AR,CYP2A6,4,2772
antagonist,1,3,AR,CYP2A6,5,2773
antagonist,1,3,Viability,No_RNA,1,2774
antagonist,1,3,Viability,No_RNA,2,2775
antagonist,1,3,Viability,No_RNA,3,2776
antagonist,1,3,Viability,No_RNA,4,2777
antagonist,1,3,Viability,No_RNA,5,2778
antagonist,1,3,Viability,Bgal,1,2779
antagonist,1,3,Viability,Bgal,2,2780
antagonist,1,3,Viability,Bgal,3,2781
antagonist,1,3,Viability,Bgal,4,2782
antagonist,1,3,Viability,Bgal,5,2783
antagonist,1,3,Viability,CYP1A2,1,2784
antagonist,1,3,Viability,CYP1A2,2,2785
antagonist,1,3,Viability,CYP1A2,3,2786
antagonist,1,3,Viability,CYP1A2,4,2787
antagonist,1,3,Viability,CYP1A2,5,2788
antagonist,1,3,Viability,CYP2A6,1,2789
antagonist,1,3,Viability,CYP2A6,2,2790
antagonist,1,3,Viability,CYP2A6,3,2791
antagonist,1,3,Viability,CYP2A6,4,2792
antagonist,1,3,Viability,CYP2A6,5,2793
antagonist,2,1,AR,CYP2B6,1,2794
antagonist,2,1,AR,CYP2B6,2,2795
antagonist,2,1,AR,CYP2B6,3,2796
antagonist,2,1,AR,CYP2B6,4,2797
antagonist,2,1,AR,CYP2B6,5,2798
antagonist,2,1,AR,CYP2C8,1,2799
antagonist,2,1,AR,CYP2C8,2,2800
antagonist,2,1,AR,CYP2C8,3,2801
antagonist,2,1,AR,CYP2C8,4,2802
antagonist,2,1,AR,CYP2C8,5,2803
antagonist,2,1,AR,CYP2C9,1,2804
antagonist,2,1,AR,CYP2C9,2,2805
antagonist,2,1,AR,CYP2C9,3,2806
antagonist,2,1,AR,CYP2C9,4,2807
antagonist,2,1,AR,CYP2C9,5,2808
antagonist,2,1,AR,CYP2C19,1,2809
antagonist,2,1,AR,CYP2C19,2,2810
antagonist,2,1,AR,CYP2C19,3,2811
antagonist,2,1,AR,CYP2C19,4,2812
antagonist,2,1,AR,CYP2C19,5,2813
antagonist,2,1,Viability,CYP2B6,1,2814
antagonist,2,1,Viability,CYP2B6,2,2815
antagonist,2,1,Viability,CYP2B6,3,2816
antagonist,2,1,Viability,CYP2B6,4,2817
antagonist,2,1,Viability,CYP2B6,5,2818
antagonist,2,1,Viability,CYP2C8,1,2819
antagonist,2,1,Viability,CYP2C8,2,2820
antagonist,2,1,Viability,CYP2C8,3,2821
antagonist,2,1,Viability,CYP2C8,4,2822
antagonist,2,1,Viability,CYP2C8,5,2823
antagonist,2,1,Viability,CYP2C9,1,2824
antagonist,2,1,Viability,CYP2C9,2,2825
antagonist,2,1,Viability,CYP2C9,3,2826
antagonist,2,1,Viability,CYP2C9,4,2827
antagonist,2,1,Viability,CYP2C9,5,2828
antagonist,2,1,Viability,CYP2C19,1,2829
antagonist,2,1,Viability,CYP2C19,2,2830
antagonist,2,1,Viability,CYP2C19,3,2831
antagonist,2,1,Viability,CYP2C19,4,2832
antagonist,2,1,Viability,CYP2C19,5,2833
antagonist,2,2,AR,CYP2B6,1,2834
antagonist,2,2,AR,CYP2B6,2,2835
antagonist,2,2,AR,CYP2B6,3,2836
antagonist,2,2,AR,CYP2B6,4,2837
antagonist,2,2,AR,CYP2B6,5,2838
antagonist,2,2,AR,CYP2C8,1,2839
antagonist,2,2,AR,CYP2C8,2,2840
antagonist,2,2,AR,CYP2C8,3,2841
antagonist,2,2,AR,CYP2C8,4,2842
antagonist,2,2,AR,CYP2C8,5,2843
antagonist,2,2,AR,CYP2C9,1,2844
antagonist,2,2,AR,CYP2C9,2,2845
antagonist,2,2,AR,CYP2C9,3,2846
antagonist,2,2,AR,CYP2C9,4,2847
antagonist,2,2,AR,CYP2C9,5,2848
antagonist,2,2,AR,CYP2C19,1,2849
antagonist,2,2,AR,CYP2C19,2,2850
antagonist,2,2,AR,CYP2C19,3,2851
antagonist,2,2,AR,CYP2C19,4,2852
antagonist,2,2,AR,CYP2C19,5,2853
antagonist,2,2,Viability,CYP2B6,1,2854
antagonist,2,2,Viability,CYP2B6,2,2855
antagonist,2,2,Viability,CYP2B6,3,2856
antagonist,2,2,Viability,CYP2B6,4,2857
antagonist,2,2,Viability,CYP2B6,5,2858
antagonist,2,2,Viability,CYP2C8,1,2859
antagonist,2,2,Viability,CYP2C8,2,2860
antagonist,2,2,Viability,CYP2C8,3,2861
antagonist,2,2,Viability,CYP2C8,4,2862
antagonist,2,2,Viability,CYP2C8,5,2863
antagonist,2,2,Viability,CYP2C9,1,2864
antagonist,2,2,Viability,CYP2C9,2,2865
antagonist,2,2,Viability,CYP2C9,3,2866
antagonist,2,2,Viability,CYP2C9,4,2867
antagonist,2,2,Viability,CYP2C9,5,2868
antagonist,2,2,Viability,CYP2C19,1,2869
antagonist,2,2,Viability,CYP2C19,2,2870
antagonist,2,2,Viability,CYP2C19,3,2871
antagonist,2,2,Viability,CYP2C19,4,2872
antagonist,2,2,Viability,CYP2C19,5,2873
antagonist,2,3,AR,CYP2B6,1,2874
antagonist,2,3,AR,CYP2B6,2,2875
antagonist,2,3,AR,CYP2B6,3,2876
antagonist,2,3,AR,CYP2B6,4,2877
antagonist,2,3,AR,CYP2B6,5,2878
antagonist,2,3,AR,CYP2C8,1,2879
antagonist,2,3,AR,CYP2C8,2,2880
antagonist,2,3,AR,CYP2C8,3,2881
antagonist,2,3,AR,CYP2C8,4,2882
antagonist,2,3,AR,CYP2C8,5,2883
antagonist,2,3,AR,CYP2C9,1,2884
antagonist,2,3,AR,CYP2C9,2,2885
antagonist,2,3,AR,CYP2C9,3,2886
antagonist,2,3,AR,CYP2C9,4,2887
antagonist,2,3,AR,CYP2C9,5,2888
antagonist,2,3,AR,CYP2C19,1,2889
antagonist,2,3,AR,CYP2C19,2,2890
antagonist,2,3,AR,CYP2C19,3,2891
antagonist,2,3,AR,CYP2C19,4,2892
antagonist,2,3,AR,CYP2C19,5,2893
antagonist,2,3,Viability,CYP2B6,1,2894
antagonist,2,3,Viability,CYP2B6,2,2895
antagonist,2,3,Viability,CYP2B6,3,2896
antagonist,2,3,Viability,CYP2B6,4,2897
antagonist,2,3,Viability,CYP2B6,5,2898
antagonist,2,3,Viability,CYP2C8,1,2899
antagonist,2,3,Viability,CYP2C8,2,2900
antagonist,2,3,Viability,CYP2C8,3,2901
antagonist,2,3,Viability,CYP2C8,4,2902
antagonist,2,3,Viability,CYP2C8,5,2903
antagonist,2,3,Viability,CYP2C9,1,2904
antagonist,2,3,Viability,CYP2C9,2,2905
antagonist,2,3,Viability,CYP2C9,3,2906
antagonist,2,3,Viability,CYP2C9,4,2907
antagonist,2,3,Viability,CYP2C9,5,2908
antagonist,2,3,Viability,CYP2C19,1,2909
antagonist,2,3,Viability,CYP2C19,2,2910
antagonist,2,3,Viability,CYP2C19,3,2911
antagonist,2,3,Viability,CYP2C19,4,2912
antagonist,2,3,Viability,CYP2C19,5,2913
antagonist,3,1,AR,CYP2D6,1,2914
antagonist,3,1,AR,CYP2D6,2,2915
antagonist,3,1,AR,CYP2D6,3,2916
antagonist,3,1,AR,CYP2D6,4,2917
antagonist,3,1,AR,CYP2D6,5,2918
antagonist,3,1,AR,CYP2E1,1,2919
antagonist,3,1,AR,CYP2E1,2,2920
antagonist,3,1,AR,CYP2E1,3,2921
antagonist,3,1,AR,CYP2E1,4,2922
antagonist,3,1,AR,CYP2E1,5,2923
antagonist,3,1,AR,CYP2E1-WT,1,2924
antagonist,3,1,AR,CYP2E1-WT,2,2925
antagonist,3,1,AR,CYP2E1-WT,3,2926
antagonist,3,1,AR,CYP2E1-WT,4,2927
antagonist,3,1,AR,CYP2E1-WT,5,2928
antagonist,3,1,AR,CYP2J2,1,2929
antagonist,3,1,AR,CYP2J2,2,2930
antagonist,3,1,AR,CYP2J2,3,2931
antagonist,3,1,AR,CYP2J2,4,2932
antagonist,3,1,AR,CYP2J2,5,2933
antagonist,3,1,AR,CYP3A4,1,2934
antagonist,3,1,AR,CYP3A4,2,2935
antagonist,3,1,AR,CYP3A4,3,2936
antagonist,3,1,AR,CYP3A4,4,2937
antagonist,3,1,AR,CYP3A4,5,2938
antagonist,3,1,Viability,CYP2D6,1,2939
antagonist,3,1,Viability,CYP2D6,2,2940
antagonist,3,1,Viability,CYP2D6,3,2941
antagonist,3,1,Viability,CYP2D6,4,2942
antagonist,3,1,Viability,CYP2D6,5,2943
antagonist,3,1,Viability,CYP2E1,1,2944
antagonist,3,1,Viability,CYP2E1,2,2945
antagonist,3,1,Viability,CYP2E1,3,2946
antagonist,3,1,Viability,CYP2E1,4,2947
antagonist,3,1,Viability,CYP2E1,5,2948
antagonist,3,1,Viability,CYP2E1-WT,1,2949
antagonist,3,1,Viability,CYP2E1-WT,2,2950
antagonist,3,1,Viability,CYP2E1-WT,3,2951
antagonist,3,1,Viability,CYP2E1-WT,4,2952
antagonist,3,1,Viability,CYP2E1-WT,5,2953
antagonist,3,1,Viability,CYP2J2,1,2954
antagonist,3,1,Viability,CYP2J2,2,2955
antagonist,3,1,Viability,CYP2J2,3,2956
antagonist,3,1,Viability,CYP2J2,4,2957
antagonist,3,1,Viability,CYP2J2,5,2958
antagonist,3,1,Viability,CYP3A4,1,2959
antagonist,3,1,Viability,CYP3A4,2,2960
antagonist,3,1,Viability,CYP3A4,3,2961
antagonist,3,1,Viability,CYP3A4,4,2962
antagonist,3,1,Viability,CYP3A4,5,2963
antagonist,3,2,AR,CYP2D6,1,2964
antagonist,3,2,AR,CYP2D6,2,2965
antagonist,3,2,AR,CYP2D6,3,2966
antagonist,3,2,AR,CYP2D6,4,2967
antagonist,3,2,AR,CYP2D6,5,2968
antagonist,3,2,AR,CYP2E1,1,2969
antagonist,3,2,AR,CYP2E1,2,2970
antagonist,3,2,AR,CYP2E1,3,2971
antagonist,3,2,AR,CYP2E1,4,2972
antagonist,3,2,AR,CYP2E1,5,2973
antagonist,3,2,AR,CYP2E1-WT,1,2974
antagonist,3,2,AR,CYP2E1-WT,2,2975
antagonist,3,2,AR,CYP2E1-WT,3,2976
antagonist,3,2,AR,CYP2E1-WT,4,2977
antagonist,3,2,AR,CYP2E1-WT,5,2978
antagonist,3,2,AR,CYP2J2,1,2979
antagonist,3,2,AR,CYP2J2,2,2980
antagonist,3,2,AR,CYP2J2,3,2981
antagonist,3,2,AR,CYP2J2,4,2982
antagonist,3,2,AR,CYP2J2,5,2983
antagonist,3,2,AR,CYP3A4,1,2984
antagonist,3,2,AR,CYP3A4,2,2985
antagonist,3,2,AR,CYP3A4,3,2986
antagonist,3,2,AR,CYP3A4,4,2987
antagonist,3,2,AR,CYP3A4,5,2988
antagonist,3,2,Viability,CYP2D6,1,2989
antagonist,3,2,Viability,CYP2D6,2,2990
antagonist,3,2,Viability,CYP2D6,3,2991
antagonist,3,2,Viability,CYP2D6,4,2992
antagonist,3,2,Viability,CYP2D6,5,2993
antagonist,3,2,Viability,CYP2E1,1,2994
antagonist,3,2,Viability,CYP2E1,2,2995
antagonist,3,2,Viability,CYP2E1,3,2996
antagonist,3,2,Viability,CYP2E1,4,2997
antagonist,3,2,Viability,CYP2E1,5,2998
antagonist,3,2,Viability,CYP2E1-WT,1,2999
antagonist,3,2,Viability,CYP2E1-WT,2,3000
antagonist,3,2,Viability,CYP2E1-WT,3,3001
antagonist,3,2,Viability,CYP2E1-WT,4,3002
antagonist,3,2,Viability,CYP2E1-WT,5,3003
antagonist,3,2,Viability,CYP2J2,1,3004
antagonist,3,2,Viability,CYP2J2,2,3005
antagonist,3,2,Viability,CYP2J2,3,3006
antagonist,3,2,Viability,CYP2J2,4,3007
antagonist,3,2,Viability,CYP2J2,5,3008
antagonist,3,2,Viability,CYP3A4,1,3009
antagonist,3,2,Viability,CYP3A4,2,3010
antagonist,3,2,Viability,CYP3A4,3,3011
antagonist,3,2,Viability,CYP3A4,4,3012
antagonist,3,2,Viability,CYP3A4,5,3013
antagonist,3,3,AR,CYP2D6,1,3014
antagonist,3,3,AR,CYP2D6,2,3015
antagonist,3,3,AR,CYP2D6,3,3016
antagonist,3,3,AR,CYP2D6,4,3017
antagonist,3,3,AR,CYP2D6,5,3018
antagonist,3,3,AR,CYP2E1,1,3019
antagonist,3,3,AR,CYP2E1,2,3020
antagonist,3,3,AR,CYP2E1,3,3021
antagonist,3,3,AR,CYP2E1,4,3022
antagonist,3,3,AR,CYP2E1,5,3023
antagonist,3,3,AR,CYP2E1-WT,1,3024
antagonist,3,3,AR,CYP2E1-WT,2,3025
antagonist,3,3,AR,CYP2E1-WT,3,3026
antagonist,3,3,AR,CYP2E1-WT,4,3027
antagonist,3,3,AR,CYP2E1-WT,5,3028
antagonist,3,3,AR,CYP2J2,1,3029
antagonist,3,3,AR,CYP2J2,2,3030
antagonist,3,3,AR,CYP2J2,3,3031
antagonist,3,3,AR,CYP2J2,4,3032
antagonist,3,3,AR,CYP2J2,5,3033
antagonist,3,3,AR,CYP3A4,1,3034
antagonist,3,3,AR,CYP3A4,2,3035
antagonist,3,3,AR,CYP3A4,3,3036
antagonist,3,3,AR,CYP3A4,4,3037
antagonist,3,3,AR,CYP3A4,5,3038
antagonist,3,3,Viability,CYP2D6,1,3039
antagonist,3,3,Viability,CYP2D6,2,3040
antagonist,3,3,Viability,CYP2D6,3,3041
antagonist,3,3,Viability,CYP2D6,4,3042
antagonist,3,3,Viability,CYP2D6,5,3043
antagonist,3,3,Viability,CYP2E1,1,3044
antagonist,3,3,Viability,CYP2E1,2,3045
antagonist,3,3,Viability,CYP2E1,3,3046
antagonist,3,3,Viability,CYP2E1,4,3047
antagonist,3,3,Viability,CYP2E1,5,3048
antagonist,3,3,Viability,CYP2E1-WT,1,3049
antagonist,3,3,Viability,CYP2E1-WT,2,3050
antagonist,3,3,Viability,CYP2E1-WT,3,3051
antagonist,3,3,Viability,CYP2E1-WT,4,3052
antagonist,3,3,Viability,CYP2E1-WT,5,3053
antagonist,3,3,Viability,CYP2J2,1,3054
antagonist,3,3,Viability,CYP2J2,2,3055
antagonist,3,3,Viability,CYP2J2,3,3056
antagonist,3,3,Viability,CYP2J2,4,3057
antagonist,3,3,Viability,CYP2J2,5,3058
antagonist,3,3,Viability,CYP3A4,1,3059
antagonist,3,3,Viability,CYP3A4,2,3060
antagonist,3,3,Viability,CYP3A4,3,3061
antagonist,3,3,Viability,CYP3A4,4,3062
antagonist,3,3,Viability,CYP3A4,5,3063
agonist,1,1,AR,No_RNA,1,3078
agonist,1,1,AR,No_RNA,2,3079
agonist,1,1,AR,No_RNA,3,3080
agonist,1,1,AR,No_RNA,4,3081
agonist,1,1,AR,No_RNA,5,3082
agonist,1,1,AR,Bgal,1,3083
agonist,1,1,AR,Bgal,2,3084
agonist,1,1,AR,Bgal,3,3085
agonist,1,1,AR,Bgal,4,3086
agonist,1,1,AR,Bgal,5,3087
agonist,1,1,AR,CYP1A2,1,3088
agonist,1,1,AR,CYP1A2,2,3089
agonist,1,1,AR,CYP1A2,3,3090
agonist,1,1,AR,CYP1A2,4,3091
agonist,1,1,AR,CYP1A2,5,3092
agonist,1,1,AR,CYP2A6,1,3093
agonist,1,1,AR,CYP2A6,2,3094
agonist,1,1,AR,CYP2A6,3,3095
agonist,1,1,AR,CYP2A6,4,3096
agonist,1,1,AR,CYP2A6,5,3097
agonist,1,1,Viability,No_RNA,1,3098
agonist,1,1,Viability,No_RNA,2,3099
agonist,1,1,Viability,No_RNA,3,3100
agonist,1,1,Viability,No_RNA,4,3101
agonist,1,1,Viability,No_RNA,5,3102
agonist,1,1,Viability,Bgal,1,3103
agonist,1,1,Viability,Bgal,2,3104
agonist,1,1,Viability,Bgal,3,3105
agonist,1,1,Viability,Bgal,4,3106
agonist,1,1,Viability,Bgal,5,3107
agonist,1,1,Viability,CYP1A2,1,3108
agonist,1,1,Viability,CYP1A2,2,3109
agonist,1,1,Viability,CYP1A2,3,3110
agonist,1,1,Viability,CYP1A2,4,3111
agonist,1,1,Viability,CYP1A2,5,3112
agonist,1,1,Viability,CYP2A6,1,3113
agonist,1,1,Viability,CYP2A6,2,3114
agonist,1,1,Viability,CYP2A6,3,3115
agonist,1,1,Viability,CYP2A6,4,3116
agonist,1,1,Viability,CYP2A6,5,3117
agonist,1,2,AR,No_RNA,1,3118
agonist,1,2,AR,No_RNA,2,3119
agonist,1,2,AR,No_RNA,3,3120
agonist,1,2,AR,No_RNA,4,3121
agonist,1,2,AR,No_RNA,5,3122
agonist,1,2,AR,Bgal,1,3123
agonist,1,2,AR,Bgal,2,3124
agonist,1,2,AR,Bgal,3,3125
agonist,1,2,AR,Bgal,4,3126
agonist,1,2,AR,Bgal,5,3127
agonist,1,2,AR,CYP1A2,1,3128
agonist,1,2,AR,CYP1A2,2,3129
agonist,1,2,AR,CYP1A2,3,3130
agonist,1,2,AR,CYP1A2,4,3131
agonist,1,2,AR,CYP1A2,5,3132
agonist,1,2,AR,CYP2A6,1,3133
agonist,1,2,AR,CYP2A6,2,3134
agonist,1,2,AR,CYP2A6,3,3135
agonist,1,2,AR,CYP2A6,4,3136
agonist,1,2,AR,CYP2A6,5,3137
agonist,1,2,Viability,No_RNA,1,3139
agonist,1,2,Viability,No_RNA,2,3140
agonist,1,2,Viability,No_RNA,3,3141
agonist,1,2,Viability,No_RNA,4,3142
agonist,1,2,Viability,No_RNA,5,3143
agonist,1,2,Viability,Bgal,1,3144
agonist,1,2,Viability,Bgal,2,3145
agonist,1,2,Viability,Bgal,3,3146
agonist,1,2,Viability,Bgal,4,3147
agonist,1,2,Viability,Bgal,5,3148
agonist,1,2,Viability,CYP1A2,1,3149
agonist,1,2,Viability,CYP1A2,2,3150
agonist,1,2,Viability,CYP1A2,3,3151
agonist,1,2,Viability,CYP1A2,4,3152
agonist,1,2,Viability,CYP1A2,5,3153
agonist,1,2,Viability,CYP2A6,1,3154
agonist,1,2,Viability,CYP2A6,2,3155
agonist,1,2,Viability,CYP2A6,3,3156
agonist,1,2,Viability,CYP2A6,4,3157
agonist,1,2,Viability,CYP2A6,5,3158
agonist,1,3,AR,No_RNA,1,3159
agonist,1,3,AR,No_RNA,2,3160
agonist,1,3,AR,No_RNA,3,3161
agonist,1,3,AR,No_RNA,4,3162
agonist,1,3,AR,No_RNA,5,3163
agonist,1,3,AR,Bgal,1,3164
agonist,1,3,AR,Bgal,2,3165
agonist,1,3,AR,Bgal,3,3166
agonist,1,3,AR,Bgal,4,3167
agonist,1,3,AR,Bgal,5,3168
agonist,1,3,AR,CYP1A2,1,3169
agonist,1,3,AR,CYP1A2,2,3170
agonist,1,3,AR,CYP1A2,3,3171
agonist,1,3,AR,CYP1A2,4,3172
agonist,1,3,AR,CYP1A2,5,3173
agonist,1,3,AR,CYP2A6,1,3174
agonist,1,3,AR,CYP2A6,2,3175
agonist,1,3,AR,CYP2A6,3,3176
agonist,1,3,AR,CYP2A6,4,3177
agonist,1,3,AR,CYP2A6,5,3178
agonist,1,3,Viability,No_RNA,1,3179
agonist,1,3,Viability,No_RNA,2,3180
agonist,1,3,Viability,No_RNA,3,3181
agonist,1,3,Viability,No_RNA,4,3182
agonist,1,3,Viability,No_RNA,5,3183
agonist,1,3,Viability,Bgal,1,3184
agonist,1,3,Viability,Bgal,2,3185
agonist,1,3,Viability,Bgal,3,3186
agonist,1,3,Viability,Bgal,4,3187
agonist,1,3,Viability,Bgal,5,3188
agonist,1,3,Viability,CYP1A2,1,3189
agonist,1,3,Viability,CYP1A2,2,3190
agonist,1,3,Viability,CYP1A2,3,3191
agonist,1,3,Viability,CYP1A2,4,3192
agonist,1,3,Viability,CYP1A2,5,3193
agonist,1,3,Viability,CYP2A6,1,3194
agonist,1,3,Viability,CYP2A6,2,3195
agonist,1,3,Viability,CYP2A6,3,3196
agonist,1,3,Viability,CYP2A6,4,3197
agonist,1,3,Viability,CYP2A6,5,3198
agonist,2,1,AR,CYP2B6,1,3199
agonist,2,1,AR,CYP2B6,2,3200
agonist,2,1,AR,CYP2B6,3,3201
agonist,2,1,AR,CYP2B6,4,3202
agonist,2,1,AR,CYP2B6,5,3203
agonist,2,1,AR,CYP2C8,1,3204
agonist,2,1,AR,CYP2C8,2,3205
agonist,2,1,AR,CYP2C8,3,3206
agonist,2,1,AR,CYP2C8,4,3207
agonist,2,1,AR,CYP2C8,5,3208
agonist,2,1,AR,CYP2C9,1,3209
agonist,2,1,AR,CYP2C9,2,3210
agonist,2,1,AR,CYP2C9,3,3211
agonist,2,1,AR,CYP2C9,4,3212
agonist,2,1,AR,CYP2C9,5,3213
agonist,2,1,AR,CYP2C19,1,3214
agonist,2,1,AR,CYP2C19,2,3215
agonist,2,1,AR,CYP2C19,3,3216
agonist,2,1,AR,CYP2C19,4,3217
agonist,2,1,AR,CYP2C19,5,3218
agonist,2,1,Viability,CYP2B6,1,3220
agonist,2,1,Viability,CYP2B6,2,3221
agonist,2,1,Viability,CYP2B6,3,3222
agonist,2,1,Viability,CYP2B6,4,3223
agonist,2,1,Viability,CYP2B6,5,3224
agonist,2,1,Viability,CYP2C8,1,3225
agonist,2,1,Viability,CYP2C8,2,3226
agonist,2,1,Viability,CYP2C8,3,3227
agonist,2,1,Viability,CYP2C8,4,3228
agonist,2,1,Viability,CYP2C8,5,3229
agonist,2,1,Viability,CYP2C9,1,3230
agonist,2,1,Viability,CYP2C9,2,3231
agonist,2,1,Viability,CYP2C9,3,3232
agonist,2,1,Viability,CYP2C9,4,3233
agonist,2,1,Viability,CYP2C9,5,3234
agonist,2,1,Viability,CYP2C19,1,3235
agonist,2,1,Viability,CYP2C19,2,3236
agonist,2,1,Viability,CYP2C19,3,3237
agonist,2,1,Viability,CYP2C19,4,3238
agonist,2,1,Viability,CYP2C19,5,3239
agonist,2,2,AR,CYP2B6,1,3240
agonist,2,2,AR,CYP2B6,2,3241
agonist,2,2,AR,CYP2B6,3,3242
agonist,2,2,AR,CYP2B6,4,3243
agonist,2,2,AR,CYP2B6,5,3244
agonist,2,2,AR,CYP2C8,1,3245
agonist,2,2,AR,CYP2C8,2,3246
agonist,2,2,AR,CYP2C8,3,3247
agonist,2,2,AR,CYP2C8,4,3248
agonist,2,2,AR,CYP2C8,5,3249
agonist,2,2,AR,CYP2C9,1,3250
agonist,2,2,AR,CYP2C9,2,3251
agonist,2,2,AR,CYP2C9,3,3252
agonist,2,2,AR,CYP2C9,4,3253
agonist,2,2,AR,CYP2C9,5,3254
agonist,2,2,AR,CYP2C19,1,3255
agonist,2,2,AR,CYP2C19,2,3256
agonist,2,2,AR,CYP2C19,3,3257
agonist,2,2,AR,CYP2C19,4,3258
agonist,2,2,AR,CYP2C19,5,3259
agonist,2,2,Viability,CYP2B6,1,3260
agonist,2,2,Viability,CYP2B6,2,3261
agonist,2,2,Viability,CYP2B6,3,3262
agonist,2,2,Viability,CYP2B6,4,3263
agonist,2,2,Viability,CYP2B6,5,3264
agonist,2,2,Viability,CYP2C8,1,3265
agonist,2,2,Viability,CYP2C8,2,3266
agonist,2,2,Viability,CYP2C8,3,3267
agonist,2,2,Viability,CYP2C8,4,3268
agonist,2,2,Viability,CYP2C8,5,3269
agonist,2,2,Viability,CYP2C9,1,3270
agonist,2,2,Viability,CYP2C9,2,3271
agonist,2,2,Viability,CYP2C9,3,3272
agonist,2,2,Viability,CYP2C9,4,3273
agonist,2,2,Viability,CYP2C9,5,3274
agonist,2,2,Viability,CYP2C19,1,3275
agonist,2,2,Viability,CYP2C19,2,3276
agonist,2,2,Viability,CYP2C19,3,3277
agonist,2,2,Viability,CYP2C19,4,3278
agonist,2,2,Viability,CYP2C19,5,3279
agonist,2,3,AR,CYP2B6,1,3280
agonist,2,3,AR,CYP2B6,2,3281
agonist,2,3,AR,CYP2B6,3,3282
agonist,2,3,AR,CYP2B6,4,3283
agonist,2,3,AR,CYP2B6,5,3284
agonist,2,3,AR,CYP2C8,1,3285
agonist,2,3,AR,CYP2C8,2,3286
agonist,2,3,AR,CYP2C8,3,3287
agonist,2,3,AR,CYP2C8,4,3288
agonist,2,3,AR,CYP2C8,5,3289
agonist,2,3,AR,CYP2C9,1,3290
agonist,2,3,AR,CYP2C9,2,3291
agonist,2,3,AR,CYP2C9,3,3292
agonist,2,3,AR,CYP2C9,4,3293
agonist,2,3,AR,CYP2C9,5,3294
agonist,2,3,AR,CYP2C19,1,3295
agonist,2,3,AR,CYP2C19,2,3296
agonist,2,3,AR,CYP2C19,3,3297
agonist,2,3,AR,CYP2C19,4,3298
agonist,2,3,AR,CYP2C19,5,3299
agonist,2,3,Viability,CYP2B6,1,3301
agonist,2,3,Viability,CYP2B6,2,3302
agonist,2,3,Viability,CYP2B6,3,3303
agonist,2,3,Viability,CYP2B6,4,3304
agonist,2,3,Viability,CYP2B6,5,3305
agonist,2,3,Viability,CYP2C8,1,3306
agonist,2,3,Viability,CYP2C8,2,3307
agonist,2,3,Viability,CYP2C8,3,3308
agonist,2,3,Viability,CYP2C8,4,3309
agonist,2,3,Viability,CYP2C8,5,3310
agonist,2,3,Viability,CYP2C9,1,3311
agonist,2,3,Viability,CYP2C9,2,3312
agonist,2,3,Viability,CYP2C9,3,3313
agonist,2,3,Viability,CYP2C9,4,3314
agonist,2,3,Viability,CYP2C9,5,3315
agonist,2,3,Viability,CYP2C19,1,3316
agonist,2,3,Viability,CYP2C19,2,3317
agonist,2,3,Viability,CYP2C19,3,3318
agonist,2,3,Viability,CYP2C19,4,3319
agonist,2,3,Viability,CYP2C19,5,3320
agonist,3,1,AR,CYP2D6,1,3324
agonist,3,1,AR,CYP2D6,2,3325
agonist,3,1,AR,CYP2D6,3,3326
agonist,3,1,AR,CYP2D6,4,3327
agonist,3,1,AR,CYP2D6,5,3328
agonist,3,1,AR,CYP2E1,1,3329
agonist,3,1,AR,CYP2E1,2,3330
agonist,3,1,AR,CYP2E1,3,3331
agonist,3,1,AR,CYP2E1,4,3332
agonist,3,1,AR,CYP2E1,5,3333
agonist,3,1,AR,CYP2E1-WT,1,3334
agonist,3,1,AR,CYP2E1-WT,2,3335
agonist,3,1,AR,CYP2E1-WT,3,3336
agonist,3,1,AR,CYP2E1-WT,4,3337
agonist,3,1,AR,CYP2E1-WT,5,3338
agonist,3,1,AR,CYP2J2,1,3339
agonist,3,1,AR,CYP2J2,2,3340
agonist,3,1,AR,CYP2J2,3,3341
agonist,3,1,AR,CYP2J2,4,3342
agonist,3,1,AR,CYP2J2,5,3343
agonist,3,1,AR,CYP3A4,1,3344
agonist,3,1,AR,CYP3A4,2,3345
agonist,3,1,AR,CYP3A4,3,3346
agonist,3,1,AR,CYP3A4,4,3347
agonist,3,1,AR,CYP3A4,5,3348
agonist,3,1,Viability,CYP2D6,1,3351
agonist,3,1,Viability,CYP2D6,2,3352
agonist,3,1,Viability,CYP2D6,3,3353
agonist,3,1,Viability,CYP2D6,4,3354
agonist,3,1,Viability,CYP2D6,5,3355
agonist,3,1,Viability,CYP2E1,1,3356
agonist,3,1,Viability,CYP2E1,2,3357
agonist,3,1,Viability,CYP2E1,3,3358
agonist,3,1,Viability,CYP2E1,4,3359
agonist,3,1,Viability,CYP2E1,5,3360
agonist,3,1,Viability,CYP2E1-WT,1,3361
agonist,3,1,Viability,CYP2E1-WT,2,3362
agonist,3,1,Viability,CYP2E1-WT,3,3363
agonist,3,1,Viability,CYP2E1-WT,4,3364
agonist,3,1,Viability,CYP2E1-WT,5,3365
agonist,3,1,Viability,CYP2J2,1,3366
agonist,3,1,Viability,CYP2J2,2,3367
agonist,3,1,Viability,CYP2J2,3,3368
agonist,3,1,Viability,CYP2J2,4,3369
agonist,3,1,Viability,CYP2J2,5,3370
agonist,3,1,Viability,CYP3A4,1,3371
agonist,3,1,Viability,CYP3A4,2,3372
agonist,3,1,Viability,CYP3A4,3,3373
agonist,3,1,Viability,CYP3A4,4,3374
agonist,3,1,Viability,CYP3A4,5,3375
agonist,3,2,AR,CYP2D6,1,3376
agonist,3,2,AR,CYP2D6,2,3377
agonist,3,2,AR,CYP2D6,3,3378
agonist,3,2,AR,CYP2D6,4,3379
agonist,3,2,AR,CYP2D6,5,3380
agonist,3,2,AR,CYP2E1,1,3381
agonist,3,2,AR,CYP2E1,2,3382
agonist,3,2,AR,CYP2E1,3,3383
agonist,3,2,AR,CYP2E1,4,3384
agonist,3,2,AR,CYP2E1,5,3385
agonist,3,2,AR,CYP2E1-WT,1,3386
agonist,3,2,AR,CYP2E1-WT,2,3387
agonist,3,2,AR,CYP2E1-WT,3,3388
agonist,3,2,AR,CYP2E1-WT,4,3389
agonist,3,2,AR,CYP2E1-WT,5,3390
agonist,3,2,AR,CYP2J2,1,3391
agonist,3,2,AR,CYP2J2,2,3392
agonist,3,2,AR,CYP2J2,3,3393
agonist,3,2,AR,CYP2J2,4,3394
agonist,3,2,AR,CYP2J2,5,3395
agonist,3,2,AR,CYP3A4,1,3396
agonist,3,2,AR,CYP3A4,2,3397
agonist,3,2,AR,CYP3A4,3,3398
agonist,3,2,AR,CYP3A4,4,3399
agonist,3,2,AR,CYP3A4,5,3400
agonist,3,2,Viability,CYP2D6,1,3401
agonist,3,2,Viability,CYP2D6,2,3402
agonist,3,2,Viability,CYP2D6,3,3403
agonist,3,2,Viability,CYP2D6,4,3404
agonist,3,2,Viability,CYP2D6,5,3405
agonist,3,2,Viability,CYP2E1,1,3406
agonist,3,2,Viability,CYP2E1,2,3407
agonist,3,2,Viability,CYP2E1,3,3408
agonist,3,2,Viability,CYP2E1,4,3409
agonist,3,2,Viability,CYP2E1,5,3410
agonist,3,2,Viability,CYP2E1-WT,1,3411
agonist,3,2,Viability,CYP2E1-WT,2,3412
agonist,3,2,Viability,CYP2E1-WT,3,3413
agonist,3,2,Viability,CYP2E1-WT,4,3414
agonist,3,2,Viability,CYP2E1-WT,5,3415
agonist,3,2,Viability,CYP2J2,1,3416
agonist,3,2,Viability,CYP2J2,2,3417
agonist,3,2,Viability,CYP2J2,3,3418
agonist,3,2,Viability,CYP2J2,4,3419
agonist,3,2,Viability,CYP2J2,5,3420
agonist,3,2,Viability,CYP3A4,1,3421
agonist,3,2,Viability,CYP3A4,2,3422
agonist,3,2,Viability,CYP3A4,3,3423
agonist,3,2,Viability,CYP3A4,4,3424
agonist,3,2,Viability,CYP3A4,5,3425
agonist,3,3,AR,CYP2D6,1,3426
agonist,3,3,AR,CYP2D6,2,3427
agonist,3,3,AR,CYP2D6,3,3428
agonist,3,3,AR,CYP2D6,4,3429
agonist,3,3,AR,CYP2D6,5,3430
agonist,3,3,AR,CYP2E1,1,3431
agonist,3,3,AR,CYP2E1,2,3432
agonist,3,3,AR,CYP2E1,3,3433
agonist,3,3,AR,CYP2E1,4,3434
agonist,3,3,AR,CYP2E1,5,3435
agonist,3,3,AR,CYP2E1-WT,1,3436
agonist,3,3,AR,CYP2E1-WT,2,3437
agonist,3,3,AR,CYP2E1-WT,3,3438
agonist,3,3,AR,CYP2E1-WT,4,3439
agonist,3,3,AR,CYP2E1-WT,5,3440
agonist,3,3,AR,CYP2J2,1,3441
agonist,3,3,AR,CYP2J2,2,3442
agonist,3,3,AR,CYP2J2,3,3443
agonist,3,3,AR,CYP2J2,4,3444
agonist,3,3,AR,CYP2J2,5,3445
agonist,3,3,AR,CYP3A4,1,3446
agonist,3,3,AR,CYP3A4,2,3447
agonist,3,3,AR,CYP3A4,3,3448
agonist,3,3,AR,CYP3A4,4,3449
agonist,3,3,AR,CYP3A4,5,3450
agonist,3,3,Viability,CYP2D6,1,3452
agonist,3,3,Viability,CYP2D6,2,3453
agonist,3,3,Viability,CYP2D6,3,3454
agonist,3,3,Viability,CYP2D6,4,3455
agonist,3,3,Viability,CYP2D6,5,3456
agonist,3,3,Viability,CYP2E1,1,3457
agonist,3,3,Viability,CYP2E1,2,3458
agonist,3,3,Viability,CYP2E1,3,3459
agonist,3,3,Viability,CYP2E1,4,3460
agonist,3,3,Viability,CYP2E1,5,3461
agonist,3,3,Viability,CYP2E1-WT,1,3462
agonist,3,3,Viability,CYP2E1-WT,2,3463
agonist,3,3,Viability,CYP2E1-WT,3,3464
agonist,3,3,Viability,CYP2E1-WT,4,3465
agonist,3,3,Viability,CYP2E1-WT,5,3466
agonist,3,3,Viability,CYP2J2,1,3467
agonist,3,3,Viability,CYP2J2,2,3468
agonist,3,3,Viability,CYP2J2,3,3469
agonist,3,3,Viability,CYP2J2,4,3470
agonist,3,3,Viability,CYP2J2,5,3471
agonist,3,3,Viability,CYP3A4,1,3472
agonist,3,3,Viability,CYP3A4,2,3473
agonist,3,3,Viability,CYP3A4,3,3474
agonist,3,3,Viability,CYP3A4,4,3475
agonist,3,3,Viability,CYP3A4,5,3476
